"Session","Frame","Timestamp","Lap","Edge","IntensityMean","IntensityStd","LeftEye","RightEye","HeadX","HeadY","HeadZ"
"2026-10-01T14:50:05.892648","39","2026-10-01T14:50:15.713194","209.058446745562","0.201923076923077","130.143292682927","40.2680752189767","0.903599679470062","0.468554258346558","38.9291496276855","10.3581743240356","4.88178014755249"
"2026-10-01T14:50:05.892648","41","2026-10-01T14:50:15.960906","257.816458494794","0.196675900277008","111.546875","43.8111321781847","0.947203755378723","0.900349259376526","31.8146209716797","9.88758754730225","-1.29986763000488"
"2026-10-01T14:50:05.892648","42","2026-10-01T14:50:16.082112","210.573022010708","0.175377468060395","103.715946843854","41.2867459790512","0.58977735042572","0.77680504322052","31.8600196838379","6.60431957244873","-0.683023989200592"
"2026-10-01T14:50:05.892648","54","2026-10-01T14:50:18.147478","245.329567120966","0.06062424969988","191.162777777778","46.5432374017913","0.0442183613777161","0.0222492814064026","-15.985821723938","4.4157567024231","4.62430810928345"
"2026-10-01T14:50:05.892648","55","2026-10-01T14:50:18.259843","169.923224993701","0.0679365079365079","182.742907801418","53.7249868397381","0.0182530283927917","0.0231737494468689","-17.9346313476563","8.0296049118042","1.18512749671936"
"2026-10-01T14:50:05.892648","57","2026-10-01T14:50:18.507386","346.9170236996","0.118713450292398","143.137479541735","72.5175500520479","0.0209910273551941","0.0254848599433899","-9.51597785949707","1.88181030750275","-0.959296643733978"
"2026-10-01T14:50:05.892648","58","2026-10-01T14:50:18.628703","384.040955542642","0.113636363636364","142.549659863946","71.4423409339","0.991369485855103","0.998600959777832","-6.06763410568237","3.21053051948547","-1.05444133281708"
"2026-10-01T14:50:05.892648","59","2026-10-01T14:50:18.744708","470.09715719643","0.132860520094563","144.644060283688","71.9034862773235","0.992363512516022","0.998312771320343","-3.41555953025818","2.13261127471924","0.451587378978729"
"2026-10-01T14:50:05.892648","60","2026-10-01T14:50:18.866041","445.643506204606","0.138524219103667","143.887152777778","72.0592525399449","0.995225429534912","0.99682742357254","-1.56285917758942","1.25045025348663","1.5088986158371"
"2026-10-01T14:50:05.892648","61","2026-10-01T14:50:18.982521","464.910192694973","0.139882299683115","141.977509371095","70.8243563803246","0.993337154388428","0.997430622577667","-0.435865312814713","1.30894041061401","1.29877316951752"
"2026-10-01T14:50:05.892648","62","2026-10-01T14:50:19.085139","451.929907755835","0.136081560283688","139.206632653061","70.4135245943833","0.99186909198761","0.997130572795868","-0.52455735206604","1.99016678333282","1.13162314891815"
"2026-10-01T14:50:05.892648","63","2026-10-01T14:50:19.232636","471.328896524596","0.136904761904762","137.314693877551","70.2789786871896","0.992852866649628","0.997430622577667","0.520520389080048","2.57622146606445","1.29037261009216"
"2026-10-01T14:50:05.892648","64","2026-10-01T14:50:19.350630","461.948306948204","0.139030612244898","138.7572","71.2785006026361","0.992852866649628","0.99621170759201","0.0650885850191116","2.68760132789612","2.07895350456238"
"2026-10-01T14:50:05.892648","65","2026-10-01T14:50:19.472018","546.115104245544","0.155726573110005","137.609268707483","72.0332498278242","0.994760513305664","0.998312771320343","0.0651137828826904","2.59497332572937","2.34658288955688"
"2026-10-01T14:50:05.892648","66","2026-10-01T14:50:19.594048","576.156129468299","0.162516976007243","135.854591836735","70.8309831655183","0.993816435337067","0.99802166223526","1.89135873317719","3.08429861068726","2.38420844078064"
"2026-10-01T14:50:05.892648","67","2026-10-01T14:50:19.713263","542.938017874529","0.157990040742417","136.47619047619","70.9654949529904","0.993816435337067","0.99802166223526","2.08454871177673","2.71160769462585","2.60797882080078"
"2026-10-01T14:50:05.892648","68","2026-10-01T14:50:19.830116","533.283422944972","0.154949121184089","133.934895833333","71.1932346801665","0.994290888309479","0.997727632522583","1.35075306892395","2.55589365959167","2.66832208633423"
"2026-10-01T14:50:05.892648","69","2026-10-01T14:50:19.954764","477.805068547854","0.141304347826087","129.562065972222","70.8316455821171","0.995225429534912","0.995899021625519","0.392541110515594","2.8376784324646","3.01167941093445"
"2026-10-01T14:50:05.892648","70","2026-10-01T14:50:20.071894","465.062921941004","0.146672702580353","124.358418367347","68.8736298841349","0.996141314506531","0.99652111530304","-0.487227082252502","3.86056876182556","2.95989584922791"
"2026-10-01T14:50:05.892648","71","2026-10-01T14:50:20.192787","454.155716326539","0.134449977365324","120.3781757601","67.4934850124153","0.995225429534912","0.997430622577667","-0.338013023138046","3.96393060684204","3.19458103179932"
"2026-10-01T14:50:05.892648","72","2026-10-01T14:50:20.319560","440.858268400627","0.138941398865784","118.220486111111","67.4474718230361","0.992852866649628","0.997130572795868","0.829568147659302","4.1458535194397","4.15413284301758"
"2026-10-01T14:50:05.892648","73","2026-10-01T14:50:20.430142","444.081160373212","0.148393194706994","114.698350694444","65.2170033963691","0.0237290859222412","0.0123934149742126","3.00296711921692","8.19759559631348","3.31350517272949"
"2026-10-01T14:50:05.892648","74","2026-10-01T14:50:20.560159","412.77149702867","0.164461247637051","110.929832503395","56.3263791548851","0.111815929412842","0.581084251403809","4.9949688911438","26.4620876312256","2.98271107673645"
"2026-10-01T14:50:05.892648","75","2026-10-01T14:50:20.680015","444.285680562132","0.210801393728223","115.165005537099","52.0354191301232","0.0855320692062378","0.551327764987946","3.75350427627563","49.6207237243652","5.6010160446167"
"2026-10-01T14:50:05.892648","76","2026-10-01T14:50:20.800442","348.239235238531","0.200987654320988","117.160207939509","52.3211901824851","0.671178579330444","0.468554258346558","2.39263129234314","61.7510948181152","4.3181939125061"
"2026-10-01T14:50:05.892648","99","2026-10-01T14:50:26.212656","228.178211567406","0.109567901234568","198.646514935989","70.5213632367958","0.994760513305664","0.998312771320343","5.88201189041138","1.7800430059433","7.64155101776123"
"2026-10-01T14:50:05.892648","100","2026-10-01T14:50:26.363780","452.480067390661","0.09366391184573","218.566386554622","53.5244878808699","0.993337154388428","0.997727632522583","6.04920148849487","1.79356741905212","7.02574920654297"
"2026-10-01T14:50:05.892648","101","2026-10-01T14:50:26.504019","405.303992409095","0.117647058823529","208.731481481481","63.6507067180439","0.993816435337067","0.99802166223526","5.90994501113892","1.0072113275528","5.96097040176392"
"2026-10-01T14:50:05.892648","102","2026-10-01T14:50:26.604218","520.527216326531","0.146122448979592","189.978395061728","73.9994963439115","0.985601663589478","0.995899021625519","5.38931274414063","3.08648252487183","5.92215299606323"
"2026-10-01T14:50:05.892648","103","2026-10-01T14:50:26.734376","911.268361678004","0.149206349206349","177.076698319942","74.2761856228274","0.746677160263062","0.994941174983978","6.99857711791992","16.6535949707031","6.53402900695801"
"2026-10-01T14:50:05.892648","104","2026-10-01T14:50:26.857831","744.100640733028","0.164081632653061","169.716820987654","73.2046380910528","0.986849784851074","0.99115252494812","11.4563035964966","28.712854385376","8.18594169616699"
"2026-10-01T14:50:05.892648","105","2026-10-01T14:50:26.983076","224.817174191545","0.142439737034332","165.30540166205","70.0840132854167","0.996141314506531","0.886478841304779","6.81127882003784","46.6866226196289","7.26916742324829"
"2026-10-01T14:50:05.892648","125","2026-10-01T14:50:31.427586","441.387950756384","0.100713012477718","114.055555555556","84.2257930515798","0.19043755531311","0.857348203659058","1.13007712364197","-2.81260251998901","7.95294761657715"
"2026-10-01T14:50:05.892648","126","2026-10-01T14:50:31.549016","505.764923633193","0.112029384756657","115.959663865546","83.0403873788018","0.671178579330444","0.986117243766785","1.95170891284943","-1.57871985435486","7.20225858688354"
"2026-10-01T14:50:05.892648","127","2026-10-01T14:50:31.662312","499.890285078004","0.14878892733564","117.150204081633","79.6400287131273","0.944555640220642","0.99802166223526","1.05857086181641","-1.47237050533295","5.98700714111328"
"2026-10-01T14:50:05.892648","128","2026-10-01T14:50:31.792059","959.757058558934","0.191020408163265","125.564564564565","76.7159724308543","0.990864634513855","0.99802166223526","2.41727876663208","-1.64887261390686","5.91297960281372"
"2026-10-01T14:50:05.892648","129","2026-10-01T14:50:31.906006","1043.66431586839","0.191020408163265","130.989197530864","75.8201446038657","0.504286527633667","0.720966935157776","3.88438129425049","-0.244608536362648","5.83808469772339"
"2026-10-01T14:50:05.892648","130","2026-10-01T14:50:32.032981","1013.06086730529","0.193469387755102","139.024691358025","76.2775916981856","0.0045628547668457","0.0222492814064026","0.565868556499481","1.18471944332123","5.03164196014404"
"2026-10-01T14:50:05.892648","131","2026-10-01T14:50:32.154146","794.738754325259","0.173875432525952","153.824074074074","77.142064157075","0.0100389122962952","0.0123934149742126","-3.43822765350342","2.0473895072937","4.74775314331055"
"2026-10-01T14:50:05.892648","132","2026-10-01T14:50:32.266205","710.438753644713","0.125889046941679","184.091387245233","68.6202630264018","0.179884731769562","0.652855515480042","-9.84842872619629","0.100845411419868","5.94083070755005"
"2026-10-01T14:50:05.892648","133","2026-10-01T14:50:32.393700","626.337729529393","0.126731301939058","188.89625","65.2783117577155","0.00182479619979858","0.0192148685455322","-15.5593271255493","4.65883255004883","0.65689891576767"
"2026-10-01T14:50:05.892648","134","2026-10-01T14:50:32.513107","418.622041009205","0.126282051282051","190.731112433076","63.6503707631511","0.0045628547668457","0.0123934149742126","-13.4011516571045","3.11265730857849","1.43747675418854"
"2026-10-01T14:51:01.750970","9","2026-10-01T14:51:21.744277","189.08401920439","0.0949074074074074","68.0112781954887","60.8136240104428","0.994290888309479","0.997430622577667","-0.00424607470631599","0.550947666168213","3.33683443069458"
"2026-10-01T14:51:01.750970","10","2026-10-01T14:51:21.845942","310.752986718159","0.0678433535576393","58.3312820512821","55.3993797604587","0.99186909198761","0.997430622577667","-0.666797339916229","0.462620198726654","3.71178984642029"
"2026-10-01T14:51:01.750970","11","2026-10-01T14:51:21.947996","240.163818781951","0.0668498168498168","69.780303030303","66.6745049627621","0.99186909198761","0.997130572795868","-1.64236199855804","0.887588024139404","2.64681625366211"
"2026-10-01T14:51:01.750970","12","2026-10-01T14:51:22.050086","174.379628290038","0.0621141975308642","83.2585714285714","74.1628776850697","0.092304527759552","0.186030089855194","-0.210251122713089","1.01633739471436","1.26429975032806"
"2026-10-01T14:51:01.750970","13","2026-10-01T14:51:22.151066","294.383135607184","0.0931372549019608","108.852564102564","83.8325772131414","0.00730085372924805","0.0104365944862366","1.58786368370056","1.15007448196411","0.580951333045959"
"2026-10-01T14:51:01.750970","14","2026-10-01T14:51:22.253757","318.930046663316","0.092022509102946","128.748722860792","87.4913957544608","0.0606850385665894","0.0213248729705811","2.54553389549255","0.874336361885071","1.05248498916626"
"2026-10-01T14:51:01.750970","15","2026-10-01T14:51:22.389898","183.209159005955","0.111177347242921","140.812788018433","86.5804251594919","0.640299201011658","0.983414113521576","2.39410495758057","1.0326474905014","1.3694099187851"
"2026-10-01T14:51:01.750970","16","2026-10-01T14:51:22.531113","166.019426670143","0.124730603448276","141.341794871795","83.8788433143472","0.984818279743195","0.995899021625519","1.41583144664764","0.452015221118927","0.977248191833496"
"2026-10-01T14:51:01.750970","17","2026-10-01T14:51:22.646481","190.62333127653","0.123376623376623","132.382089552239","79.7373187452741","0.99186909198761","0.99802166223526","1.92395114898682","0.79593163728714","0.659435331821442"
"2026-10-01T14:51:01.750970","53","2026-10-01T14:51:29.197702","220.654556358819","0.10445580715851","138.501349527665","38.4112846218781","0.201293468475342","0.652855515480042","2.79543018341064","81.5624542236328","7.58968591690063"
"2026-10-01T14:51:01.750970","54","2026-10-01T14:51:29.817209","762.457780826094","0.111111111111111","89.855","49.6109763560444","0.0387786626815796","0.581084251403809","0.872447311878204","83.4903411865234","5.64982461929321"
"2026-10-01T14:51:01.750970","55","2026-10-01T14:51:29.949443","1592.1263050602","0.154320987654321","106.873684210526","61.2546869708782","0.0127769708633423","0.351331949234009","2.24032521247864","80.8495941162109","4.76785516738892"
"2026-10-01T14:51:01.750970","56","2026-10-01T14:51:30.135194","1745.52616788599","0.141975308641975","113.268421052632","62.6415580285466","0.0292051434516907","0.670235574245453","7.67973184585571","42.6179008483887","4.61180448532104"
"2026-10-01T14:51:01.750970","57","2026-10-01T14:51:30.402984","653.24455766914","0.0831024930747922","104.02","50.721293358904","0.623302936553955","0.0222492814064026","8.15945720672607","12.992075920105","3.57219099998474"
"2026-10-01T14:51:01.750970","58","2026-10-01T14:51:30.533419","374.742645938119","0.0648148148148148","113.435","39.5500414032653","0.661791920661926","0.691118478775024","5.67166042327881","5.73929500579834","3.23315453529358"
"2026-10-01T14:51:01.750970","59","2026-10-01T14:51:30.724741","1462.711975","0.1325","111.412698412698","54.8610880048173","0.985601663589478","0.758873224258423","5.24533700942993","3.40439558029175","2.70538377761841"
"2026-10-01T14:51:01.750970","60","2026-10-01T14:51:30.932132","578.365159874464","0.0692520775623269","112.815","51.5786852779324","0.906225919723511","0.212817966938019","4.8633189201355","4.13250732421875","2.55924034118652"
"2026-10-01T14:51:01.750970","61","2026-10-01T14:51:31.040962","1913.09079887355","0.149584487534626","123.1075","60.1556393345628","0.98610931634903","0.863949239253998","4.20276975631714","2.98392271995544","1.93818736076355"
"2026-10-01T14:51:01.750970","62","2026-10-01T14:51:31.167066","1671.91297058375","0.151234567901235","123.992105263158","59.2055957596246","0.984818279743195","0.874541282653809","5.96604013442993","2.44684839248657","2.63968706130981"
"2026-10-01T14:51:01.750970","63","2026-10-01T14:51:31.309811","1669.76824375","0.1525","130.253246753247","66.569388498991","0.983730554580688","0.632347822189331","4.12104988098145","0.515188455581665","2.39543271064758"
"2026-10-01T14:51:01.750970","64","2026-10-01T14:51:31.434552","1172.24311034386","0.128458498023715","125.154513888889","61.799845607613","0.056715726852417","0.0245604515075684","5.62854337692261","-7.37326717376709","0.75100839138031"
"2026-10-01T14:51:01.750970","65","2026-10-01T14:51:31.566363","1126.20806100607","0.183364839319471","116.02","64.937197352519","0.601551353931427","0.0329092144966125","11.9333333969116","-25.8911285400391","-0.549416720867157"
"2026-10-01T14:51:01.750970","66","2026-10-01T14:51:31.671100","1210.74300733025","0.164930555555556","114.727692307692","67.1619947651081","0.118761479854584","0.343609571456909","6.76195240020752","-44.3692169189453","-1.86334490776062"
"2026-10-01T14:51:01.750970","67","2026-10-01T14:51:31.775184","1191.45951152594","0.161231884057971","109.984615384615","63.4605370550361","0.433151841163635","0.935402452945709","4.8026819229126","-58.0136489868164","-0.992276191711426"
"2026-10-01T14:51:01.750970","68","2026-10-01T14:51:31.880288","599.589150331262","0.0909090909090909","98.8159722222222","56.0515402246431","0.19043755531311","0.678046941757202","3.77908968925476","-59.4010620117188","2.1839280128479"
"2026-10-01T14:51:01.750970","75","2026-10-01T14:51:33.835314","273.239375","0.045","154.632231404959","31.5101497877895","0.986605703830719","0.935402452945709","5.78354787826538","1.55733227729797","3.90368556976318"
