"Session","Label","RentangFrame","JumlahFrame","LapMedian","LapMinimum","LapMaksimum","EdgeMedian","EdgeRataRata","IntensityMeanMed","IntensityStdMed","FrameLapTinggi","REPLAYJadiREAL"
"2026-10-01T14:48:40.144462","REAL","1-10","10","258.97","1.71","539.04","0.072","0.06","92.86","65.92","5","0"
"2026-10-01T14:48:40.144462","REAL","11-20","10","525.65","356.04","605.65","0.0917","0.0882","105.33","67.83","10","0"
"2026-10-01T14:48:40.144462","REAL","21-30","10","311.68","47.91","498.14","0.0827","0.0685","96.72","67.57","6","0"
"2026-10-01T14:48:40.144462","REAL","31-40","10","335.65","38.64","559.7","0.0911","0.0737","117.64","64.29","7","0"
"2026-10-01T14:48:40.144462","REAL","41-50","10","446.24","173.49","700.98","0.0969","0.0971","129.9","63.11","10","0"
"2026-10-01T14:48:40.144462","REAL","51-60","10","505.64","260.02","795.34","0.1147","0.1118","120.24","63.51","10","0"
"2026-10-01T14:48:40.144462","REAL","61-70","1","454.91","454.91","454.91","0.0859","0.0859","111.71","68.68","1","0"
"2026-10-01T14:50:05.892648","REPLAY","1-10","10","69.53","0","101.91","0.0905","0.0786","132.58","47.27","0","0"
"2026-10-01T14:50:05.892648","REPLAY","11-20","10","119.29","60.24","151.64","0.1346","0.1311","118.25","55.28","0","0"
"2026-10-01T14:50:05.892648","REPLAY","21-30","10","46.76","42.43","58.47","0.0712","0.0722","102.41","48.23","0","0"
"2026-10-01T14:50:05.892648","REPLAY","31-40","10","62.04","43.25","209.06","0.0872","0.1102","117.67","42.4","1","1"
"2026-10-01T14:50:05.892648","REPLAY","41-50","10","42.86","34.23","257.82","0.0527","0.0743","100.32","39.11","2","2"
"2026-10-01T14:50:05.892648","REPLAY","51-60","10","207.63","28.24","470.1","0.0818","0.0791","144.43","61.34","6","6"
"2026-10-01T14:50:05.892648","REPLAY","61-70","10","474.57","451.93","576.16","0.144","0.1471","136.9","70.83","10","10"
"2026-10-01T14:50:05.892648","REPLAY","71-80","10","380.51","23.35","454.16","0.1367","0.1151","119.3","52.18","6","6"
"2026-10-01T14:50:05.892648","REPLAY","81-90","10","29.32","15.56","37.05","0.0119","0.0173","165.36","36.56","0","0"
"2026-10-01T14:50:05.892648","REPLAY","91-100","10","42.33","24.26","452.48","0.0419","0.0477","142.49","43.6","2","2"
"2026-10-01T14:50:05.892648","REPLAY","101-110","10","180.22","51.6","911.27","0.1362","0.1295","158.3","61.51","5","5"
"2026-10-01T14:50:05.892648","REPLAY","111-120","10","55.05","34.95","63.51","0.0635","0.0614","157.06","49.97","0","0"
"2026-10-01T14:50:05.892648","REPLAY","121-130","10","470.64","43.79","1043.66","0.1064","0.1178","116.55","76.5","6","6"
"2026-10-01T14:50:05.892648","REPLAY","131-140","10","73.97","25.09","794.74","0.0767","0.087","185.17","49.94","4","4"
"2026-10-01T14:50:05.892648","REPLAY","141-150","10","53.42","38.06","90.56","0.0618","0.0615","148.34","44.28","0","0"
"2026-10-01T14:50:05.892648","REPLAY","151-160","9","33.14","21.56","53.2","0.0045","0.019","65.86","37.82","0","0"
"2026-10-01T14:51:01.750970","REPLAY","1-10","10","77.7","0","310.75","0.0528","0.0478","105.73","50.56","2","2"
"2026-10-01T14:51:01.750970","REPLAY","11-20","10","178.79","38.82","318.93","0.0926","0.0921","128.29","77.05","7","7"
"2026-10-01T14:51:01.750970","REPLAY","21-30","10","34.02","22.7","44.07","0.0584","0.0591","133.5","53.23","0","0"
"2026-10-01T14:51:01.750970","REPLAY","31-40","10","22.76","6.67","28.98","0.0337","0.0323","141.98","44.73","0","0"
"2026-10-01T14:51:01.750970","REPLAY","41-50","10","24.98","12.14","54.85","0.0442","0.0543","109.42","45.06","0","0"
"2026-10-01T14:51:01.750970","REPLAY","51-60","10","615.8","8.39","1745.53","0.0938","0.0898","113.04","50.17","8","8"
"2026-10-01T14:51:01.750970","REPLAY","61-70","10","1181.85","4.88","1913.09","0.1504","0.1182","123.55","60.98","8","8"
"2026-10-01T14:51:01.750970","REPLAY","71-80","6","6.18","4.65","273.24","0","0.0208","149.65","2.63","1","1"
