session_id,frame,timestamp,face_count,left_eye_probability,right_eye_probability,head_euler_angle_x,head_euler_angle_y,head_euler_angle_z,laplacian_variance,edge_density,intensity_mean,intensity_std,kondisi,jarak,label_asli,prediksi,hasil,real_votes,replay_votes,confidence_vote_fraction,jenis_kesalahan
2026-10-06T10:03:56.941183,3,2026-10-06T10:04:02.345022,1,0.9877196550369263,0.7058058977127075,6.502373695373535,-1.7650632858276367,1.6968413591384888,174.25256331408653,0.08890290037831021,122.3338405356056,70.0866101373976,REAL,DEKAT,REAL,REPLAY,SALAH,85,115,0.575,REAL_SALAH_DITOLAK
2026-10-06T10:03:56.941183,72,2026-10-06T10:04:11.453799,1,0.03194314241409302,0.010436594486236572,1.4821895360946655,1.6064532995224,3.739784002304077,712.7236305606292,0.15268329554043839,135.65817307692308,65.08945752791105,REAL,DEKAT,REAL,REPLAY,SALAH,83,117,0.585,REAL_SALAH_DITOLAK
2026-10-06T10:03:56.941183,73,2026-10-06T10:04:11.562150,1,0.9501656293869019,0.047746360301971436,1.8768421411514282,1.2400990724563599,4.923333644866943,813.9041202129,0.16468253968253968,136.41875,64.17342888891461,REAL,DEKAT,REAL,REPLAY,SALAH,28,172,0.86,REAL_SALAH_DITOLAK
2026-10-06T10:03:56.941183,74,2026-10-06T10:04:11.674618,1,0.4151104688644409,0.021787047386169434,2.36669659614563,1.4951894283294678,4.939639568328857,793.386188702188,0.1535218253968254,140.7694674556213,64.17517347268284,REAL,DEKAT,REAL,REPLAY,SALAH,59,141,0.705,REAL_SALAH_DITOLAK
2026-10-06T10:03:56.941183,75,2026-10-06T10:04:11.829138,1,0.1407354474067688,0.021324872970581055,2.473308563232422,1.549962043762207,4.376829624176025,861.309589225797,0.15621063240110858,142.519287109375,63.94049448540934,REAL,DEKAT,REAL,REPLAY,SALAH,36,164,0.82,REAL_SALAH_DITOLAK
2026-10-06T10:03:56.941183,76,2026-10-06T10:04:11.956216,1,0.05539274215698242,0.012393414974212646,2.5147526264190674,1.5537446737289429,3.787670850753784,871.6000226732765,0.15873015873015872,141.65528846153848,64.20468261824128,REAL,DEKAT,REAL,REPLAY,SALAH,33,167,0.835,REAL_SALAH_DITOLAK
2026-10-06T10:03:56.941183,77,2026-10-06T10:04:12.074687,1,0.05671572685241699,0.0208626389503479,3.3457953929901123,1.423987865447998,3.2675580978393555,851.8701119589907,0.14856150793650794,141.00865384615383,64.1994108087284,REAL,DEKAT,REAL,REPLAY,SALAH,74,126,0.63,REAL_SALAH_DITOLAK
2026-10-06T10:03:56.941183,78,2026-10-06T10:04:12.193662,1,0.0,0.0026093721389770508,2.8775649070739746,1.8582144975662231,2.820578098297119,748.6161501637691,0.14756944444444445,140.57836538461538,64.22118564609012,REAL,DEKAT,REAL,REPLAY,SALAH,77,123,0.615,REAL_SALAH_DITOLAK
2026-10-06T10:03:56.941183,79,2026-10-06T10:04:12.319679,1,0.775982677936554,0.021324872970581055,3.812920093536377,0.895453929901123,2.656667947769165,788.9165598205428,0.1470734126984127,140.75479289940827,64.28846964346813,REAL,DEKAT,REAL,REPLAY,SALAH,80,120,0.6,REAL_SALAH_DITOLAK
2026-10-06T10:03:56.941183,80,2026-10-06T10:04:12.444002,1,0.9938164353370667,0.9918758273124695,2.949173927307129,0.7466357946395874,3.320554494857788,840.4813456017534,0.15625,139.7622596153846,64.68975864648357,REAL,DEKAT,REAL,REPLAY,SALAH,42,158,0.79,REAL_SALAH_DITOLAK
2026-10-06T10:03:56.941183,81,2026-10-06T10:04:12.565508,1,0.9898386597633362,0.994285523891449,2.3750243186950684,1.8473875522613525,3.833425998687744,847.9253087773014,0.1527777777777778,139.46634615384616,64.74930072473151,REAL,DEKAT,REAL,REPLAY,SALAH,73,127,0.635,REAL_SALAH_DITOLAK
2026-10-06T10:03:56.941183,82,2026-10-06T10:04:12.681572,1,0.9933371543884277,0.9949411749839783,2.3592169284820557,0.768482506275177,3.6056246757507324,869.6255342640317,0.1617943548387097,140.07259615384615,64.83210579132,REAL,DEKAT,REAL,REPLAY,SALAH,27,173,0.865,REAL_SALAH_DITOLAK
2026-10-06T10:03:56.941183,83,2026-10-06T10:04:12.799214,1,0.9956856369972229,0.9952638149261475,2.4653332233428955,0.4477916657924652,3.0346791744232178,902.4853582125377,0.15286935286935288,138.74289044289046,64.95863738307874,REAL,DEKAT,REAL,REPLAY,SALAH,79,121,0.605,REAL_SALAH_DITOLAK
2026-10-06T10:03:56.941183,84,2026-10-06T10:04:12.919860,1,0.9903543591499329,0.990412712097168,1.8503222465515137,-0.503132164478302,2.9725210666656494,755.9061043398841,0.14781746031746032,139.85940828402366,64.53073665792428,REAL,DEKAT,REAL,REPLAY,SALAH,85,115,0.575,REAL_SALAH_DITOLAK
2026-10-06T10:03:56.941183,85,2026-10-06T10:04:13.052158,1,0.7550646662712097,0.14226526021957397,3.114861488342285,-0.13817308843135834,3.352074384689331,814.5180497980442,0.14856150793650794,140.99739644970415,65.20451026502688,REAL,DEKAT,REAL,REPLAY,SALAH,91,109,0.545,REAL_SALAH_DITOLAK
2026-10-06T10:03:56.941183,86,2026-10-06T10:04:13.156386,1,0.7550646662712097,0.026871562004089355,3.4430460929870605,-0.43116381764411926,3.529604196548462,680.0485042649873,0.1440972222222222,141.73041420118344,65.78464046515883,REAL,DEKAT,REAL,REPLAY,SALAH,100,100,0.5,REAL_SALAH_DITOLAK
2026-10-06T10:08:37.132778,1,2026-10-06T10:08:39.152632,1,0.9514423608779907,0.8227906227111816,7.438875675201416,-1.1622047424316406,1.974998950958252,166.14284727710807,0.06578947368421052,163.866875,69.70642296613975,REAL,SEDANG,REAL,REPLAY,SALAH,82,118,0.59,REAL_SALAH_DITOLAK
2026-10-06T10:08:37.132778,6,2026-10-06T10:08:40.033708,1,0.9956856369972229,0.99802166223526,3.877556562423706,0.5768629908561707,2.0153234004974365,719.9483854375371,0.0577063550036523,175.4930966469428,78.63683358324653,REAL,SEDANG,REAL,REPLAY,SALAH,88,112,0.56,REAL_SALAH_DITOLAK
2026-10-06T10:08:37.132778,7,2026-10-06T10:08:40.140882,1,0.9918690919876099,0.9974306225776672,3.752150297164917,1.4196282625198364,1.8705847263336182,781.2655581950147,0.06685633001422475,177.65047233468286,80.20892483124253,REAL,SEDANG,REAL,REPLAY,SALAH,86,114,0.57,REAL_SALAH_DITOLAK
2026-10-06T10:08:37.132778,8,2026-10-06T10:08:40.257445,1,0.9918690919876099,0.997727632522583,4.101072311401367,1.1477797031402588,1.726188063621521,771.2512681881552,0.06401137980085349,178.42914979757086,81.58084281326074,REAL,SEDANG,REAL,REPLAY,SALAH,86,114,0.57,REAL_SALAH_DITOLAK
2026-10-06T10:08:37.132778,9,2026-10-06T10:08:40.381785,1,0.990864634513855,0.99802166223526,3.7268242835998535,1.1819888353347778,1.6961137056350708,739.6251517345629,0.0591672753834916,179.6207827260459,82.14568901621521,REAL,SEDANG,REAL,REPLAY,SALAH,86,114,0.57,REAL_SALAH_DITOLAK
2026-10-06T10:08:37.132778,10,2026-10-06T10:08:40.499313,1,0.004562854766845703,0.000652611255645752,5.429054260253906,1.2743839025497437,1.984001874923706,978.3085091530102,0.08179231863442389,175.4023668639053,85.59214692773942,REAL,SEDANG,REAL,REPLAY,SALAH,80,120,0.6,REAL_SALAH_DITOLAK
2026-10-06T10:08:37.132778,11,2026-10-06T10:08:40.620007,1,0.9903543591499329,0.99802166223526,3.762202262878418,0.39960208535194397,2.3256373405456543,852.907721375058,0.07450693937180423,173.63839579224194,86.32994486540575,REAL,SEDANG,REAL,REPLAY,SALAH,91,109,0.545,REAL_SALAH_DITOLAK
2026-10-06T10:08:37.132778,12,2026-10-06T10:08:40.743898,1,0.9898386597633362,0.9974306225776672,4.010607719421387,0.6610497832298279,2.2930402755737305,923.5887131582783,0.08033240997229917,171.59807692307692,87.15538361878558,REAL,SEDANG,REAL,REPLAY,SALAH,82,118,0.59,REAL_SALAH_DITOLAK
2026-10-06T10:08:37.132778,13,2026-10-06T10:08:40.877681,1,0.9903543591499329,0.998312771320343,3.837092161178589,0.9340648651123047,2.1488518714904785,983.4487664113996,0.0796398891966759,173.16375,86.47147324949137,REAL,SEDANG,REAL,REPLAY,SALAH,81,119,0.595,REAL_SALAH_DITOLAK
2026-10-06T10:08:37.132778,14,2026-10-06T10:08:40.983559,1,0.9938164353370667,0.997727632522583,4.153502941131592,0.6305702328681946,2.371716260910034,775.2678675951532,0.06720233747260775,175.47797501643655,85.27802506863962,REAL,SEDANG,REAL,REPLAY,SALAH,93,107,0.535,REAL_SALAH_DITOLAK
2026-10-06T10:08:37.132778,15,2026-10-06T10:08:41.103184,1,0.9928528666496277,0.9958990216255188,4.615307807922363,0.49139684438705444,2.521542549133301,824.382888129675,0.07377647918188458,173.47271531886918,86.10920362637658,REAL,SEDANG,REAL,REPLAY,SALAH,92,108,0.54,REAL_SALAH_DITOLAK
2026-10-06T10:08:37.132778,16,2026-10-06T10:08:41.224416,1,0.9903543591499329,0.9958990216255188,4.388233661651611,0.9744776487350464,2.330199718475342,892.0365230094959,0.06866325785244703,177.03681788297172,84.67352291035454,REAL,SEDANG,REAL,REPLAY,SALAH,89,111,0.555,REAL_SALAH_DITOLAK
2026-10-06T10:08:37.132778,17,2026-10-06T10:08:41.366440,1,0.9898386597633362,0.9952638149261475,4.248081684112549,0.736038327217102,2.409099817276001,900.4195026800403,0.07396870554765292,174.8326923076923,86.14783556328426,REAL,SEDANG,REAL,REPLAY,SALAH,91,109,0.545,REAL_SALAH_DITOLAK
2026-10-06T10:08:37.132778,18,2026-10-06T10:08:41.506882,1,0.0,0.000652611255645752,5.26132345199585,1.2278372049331665,2.384036064147949,965.7864182967124,0.07965860597439545,173.40959894806048,87.04704049126283,REAL,SEDANG,REAL,REPLAY,SALAH,81,119,0.595,REAL_SALAH_DITOLAK
2026-10-06T10:08:37.132778,19,2026-10-06T10:08:41.627073,1,0.9928528666496277,0.9974306225776672,4.53927755355835,0.8028655052185059,2.597404718399048,920.7173716665751,0.07888970051132213,172.22024983563446,87.37203930324955,REAL,SEDANG,REAL,REPLAY,SALAH,81,119,0.595,REAL_SALAH_DITOLAK
2026-10-06T10:08:37.132778,20,2026-10-06T10:08:41.747244,1,0.9942908883094788,0.9968274235725403,4.23943567276001,0.6966119408607483,2.4122250080108643,888.5037603492976,0.07888970051132213,172.43655489809336,87.36485619699683,REAL,SEDANG,REAL,REPLAY,SALAH,85,115,0.575,REAL_SALAH_DITOLAK
2026-10-06T10:08:37.132778,21,2026-10-06T10:08:41.886751,1,0.9938164353370667,0.9974306225776672,3.666130304336548,0.9329885244369507,2.5808613300323486,913.9040082468902,0.08108108108108109,170.48920377867745,88.33505075836794,REAL,SEDANG,REAL,REPLAY,SALAH,84,116,0.58,REAL_SALAH_DITOLAK
2026-10-06T10:08:37.132778,22,2026-10-06T10:08:42.024509,1,0.9942908883094788,0.997727632522583,4.367060661315918,0.6026265025138855,2.3672995567321777,1015.2700638798565,0.08819345661450925,170.2741617357002,88.70099391329974,REAL,SEDANG,REAL,REPLAY,SALAH,70,130,0.65,REAL_SALAH_DITOLAK
2026-10-06T10:08:37.132778,23,2026-10-06T10:08:42.148711,1,0.9871754050254822,0.9955831170082092,4.6064629554748535,0.7516974210739136,2.2634732723236084,1032.4818244912578,0.08961593172119488,171.02301117685732,88.73766712324156,REAL,SEDANG,REAL,REPLAY,SALAH,66,134,0.67,REAL_SALAH_DITOLAK
2026-10-06T10:08:37.132778,24,2026-10-06T10:08:42.271204,1,0.9871754050254822,0.9952638149261475,4.935488224029541,0.463586688041687,2.3431453704833984,902.3881890677635,0.07894736842105263,170.7363576594346,89.05565368872428,REAL,SEDANG,REAL,REPLAY,SALAH,88,112,0.56,REAL_SALAH_DITOLAK
2026-10-06T10:08:37.132778,25,2026-10-06T10:08:42.390728,1,0.9898386597633362,0.9971305727958679,3.968350410461426,0.18187247216701508,2.3669097423553467,966.6295013850416,0.0886426592797784,168.18474687705458,90.39125666136194,REAL,SEDANG,REAL,REPLAY,SALAH,87,113,0.565,REAL_SALAH_DITOLAK
2026-10-06T10:08:37.132778,26,2026-10-06T10:08:42.512487,1,0.9877196550369263,0.9929311275482178,4.725090026855469,0.3923283815383911,2.290222406387329,1160.0309212444656,0.07756232686980609,170.71663379355687,89.66975302888389,REAL,SEDANG,REAL,REPLAY,SALAH,44,156,0.78,REAL_SALAH_DITOLAK
2026-10-06T10:08:37.132778,27,2026-10-06T10:08:42.634999,1,0.010038912296295166,0.010436594486236572,3.624741315841675,1.2305325269699097,2.1910560131073,938.0625743356787,0.07756232686980609,169.55384615384617,90.6289684433434,REAL,SEDANG,REAL,REPLAY,SALAH,89,111,0.555,REAL_SALAH_DITOLAK
2026-10-06T10:08:37.132778,28,2026-10-06T10:08:42.755085,1,0.9887905716896057,0.9965211153030396,2.6633219718933105,0.6852602362632751,2.1990761756896973,964.9404432132965,0.07548476454293629,169.881875,89.70935247500326,REAL,SEDANG,REAL,REPLAY,SALAH,91,109,0.545,REAL_SALAH_DITOLAK
2026-10-06T10:08:37.132778,29,2026-10-06T10:08:42.873984,1,0.9923635125160217,0.9958990216255188,2.9973905086517334,0.8669299483299255,2.8346145153045654,1064.1681094182825,0.08448753462603878,163.22625,91.9316053429804,REAL,SEDANG,REAL,REPLAY,SALAH,86,114,0.57,REAL_SALAH_DITOLAK
2026-10-06T10:08:37.132778,30,2026-10-06T10:08:42.995300,1,0.9923635125160217,0.9965211153030396,3.711087226867676,2.185054063796997,4.0521769523620605,1091.9787179349453,0.0907202216066482,162.918125,91.3843335669981,REAL,SEDANG,REAL,REPLAY,SALAH,64,136,0.68,REAL_SALAH_DITOLAK
2026-10-06T10:08:37.132778,31,2026-10-06T10:08:43.118697,1,0.9913694858551025,0.9949411749839783,4.423318386077881,4.733848571777344,4.946457862854004,1112.4509480386319,0.09244264507422402,165.373125,89.51458067116428,REAL,SEDANG,REAL,REPLAY,SALAH,45,155,0.775,REAL_SALAH_DITOLAK
2026-10-06T10:08:37.132778,32,2026-10-06T10:08:43.236874,1,0.9928528666496277,0.9955831170082092,5.371370792388916,7.711039066314697,5.38263463973999,1047.068846795747,0.1012491781722551,172.428125,86.14508740482171,REAL,SEDANG,REAL,REPLAY,SALAH,28,172,0.86,REAL_SALAH_DITOLAK
2026-10-06T10:08:37.132778,33,2026-10-06T10:08:43.387888,1,0.9933371543884277,0.9958990216255188,5.869996070861816,8.13764762878418,4.633475303649902,1217.3994113573408,0.11703601108033242,173.05,85.48853724330527,REAL,SEDANG,REAL,REPLAY,SALAH,9,191,0.955,REAL_SALAH_DITOLAK
2026-10-06T10:08:37.132778,34,2026-10-06T10:08:43.517655,1,0.9903543591499329,0.9918758273124695,7.836277961730957,5.400136470794678,2.5585763454437256,973.084323169077,0.09379217273954116,165.64,89.717120161093,REAL,SEDANG,REAL,REPLAY,SALAH,90,110,0.55,REAL_SALAH_DITOLAK
2026-10-06T10:08:37.132778,43,2026-10-06T10:08:44.605772,1,0.990864634513855,0.9965211153030396,3.65498685836792,-1.0572227239608765,-1.6786415576934814,900.6959359374999,0.099375,147.47038327526133,93.5410590425323,REAL,SEDANG,REAL,REPLAY,SALAH,71,129,0.645,REAL_SALAH_DITOLAK
2026-10-06T10:08:37.132778,45,2026-10-06T10:08:44.847742,1,0.9913694858551025,0.9907847046852112,4.81273889541626,-2.1209146976470947,0.6459659337997437,890.6148220742932,0.09935897435897435,132.6162998215348,94.82489423750187,REAL,SEDANG,REAL,REPLAY,SALAH,77,123,0.615,REAL_SALAH_DITOLAK
2026-10-06T10:08:37.132778,46,2026-10-06T10:08:44.970842,1,0.9898386597633362,0.9209686517715454,5.534368991851807,-2.926387310028076,0.49685314297676086,949.739475,0.095,130.36295005807202,94.8013270592932,REAL,SEDANG,REAL,REPLAY,SALAH,98,102,0.51,REAL_SALAH_DITOLAK
2026-10-06T10:08:37.132778,47,2026-10-06T10:08:45.094758,1,0.9918690919876099,0.990412712097168,5.675210952758789,-4.227576732635498,0.31310558319091797,951.9321734375,0.095625,128.9883855981417,94.91286353986986,REAL,SEDANG,REAL,REPLAY,SALAH,93,107,0.535,REAL_SALAH_DITOLAK
2026-10-06T10:08:37.132778,78,2026-10-06T10:08:48.955731,1,0.0,0.02363598346710205,8.88156509399414,32.19181823730469,-1.1698967218399048,673.3533750316526,0.17382271468144045,165.07884615384614,68.44883594524005,REAL,SEDANG,REAL,REPLAY,SALAH,12,188,0.94,REAL_SALAH_DITOLAK
2026-10-06T10:08:37.132778,79,2026-10-06T10:08:49.075153,1,0.2554110884666443,0.5043434500694275,7.6128435134887695,46.889949798583984,-2.160552978515625,1001.240823255228,0.18888888888888888,167.25127830533236,67.04591909139624,REAL,SEDANG,REAL,REPLAY,SALAH,14,186,0.93,REAL_SALAH_DITOLAK
2026-10-06T10:08:37.132778,80,2026-10-06T10:08:49.198375,1,0.5394124984741211,0.9369730353355408,6.7891364097595215,51.56256103515625,-3.9352564811706543,1434.4630284706475,0.18015873015873016,160.49525200876553,72.91266887214096,REAL,SEDANG,REAL,REPLAY,SALAH,0,200,1.0,REAL_SALAH_DITOLAK
2026-10-06T10:08:37.132778,81,2026-10-06T10:08:49.316047,1,0.6711785793304443,0.3679760694503784,6.467684268951416,51.251487731933594,-4.6100311279296875,1235.2859224965705,0.1574074074074074,163.52154857560262,73.63894116195836,REAL,SEDANG,REAL,REPLAY,SALAH,41,159,0.795,REAL_SALAH_DITOLAK
2026-10-06T10:08:37.132778,83,2026-10-06T10:08:49.564836,1,0.1118159294128418,0.6911184787750244,5.378666400909424,80.1666030883789,-2.249412775039673,1192.2563062033225,0.14351851851851852,165.0810810810811,73.51104636685106,REAL,SEDANG,REAL,REPLAY,SALAH,100,100,0.5,REAL_SALAH_DITOLAK
2026-10-06T10:08:37.132778,84,2026-10-06T10:08:49.685531,1,0.08553206920623779,0.29507261514663696,3.1927473545074463,80.20795440673828,-1.8263589143753052,1133.3823135764364,0.15354938271604937,166.54916897506925,73.78319248832508,REAL,SEDANG,REAL,REPLAY,SALAH,69,131,0.655,REAL_SALAH_DITOLAK
2026-10-06T10:08:37.132778,85,2026-10-06T10:08:49.796489,1,0.0,0.632347822189331,4.774622440338135,48.44268035888672,-3.1415908336639404,765.3847797260569,0.14792387543252594,173.22067901234567,69.22844678297635,REAL,SEDANG,REAL,REPLAY,SALAH,66,134,0.67,REAL_SALAH_DITOLAK
2026-10-06T10:08:37.132778,86,2026-10-06T10:08:49.926184,1,0.0,0.675443172454834,10.644197463989258,45.351051330566406,-0.1267416626214981,938.6595611828405,0.1853061224489796,179.34645061728395,62.64206966346872,REAL,SEDANG,REAL,REPLAY,SALAH,1,199,0.995,REAL_SALAH_DITOLAK
2026-10-06T10:08:37.132778,87,2026-10-06T10:08:50.039712,1,0.05803883075714111,0.17585158348083496,10.582639694213867,22.616336822509766,-2.611297607421875,833.6495189047259,0.15631848064280496,177.73438527284682,68.83735651021959,REAL,SEDANG,REAL,REPLAY,SALAH,32,168,0.84,REAL_SALAH_DITOLAK
2026-10-06T10:08:37.132778,88,2026-10-06T10:08:50.166186,1,0.9501656293869019,0.9911525249481201,8.112223625183105,8.790639877319336,-0.765662431716919,541.8836472715319,0.12371794871794872,170.96609161213564,83.8207595446948,REAL,SEDANG,REAL,REPLAY,SALAH,65,135,0.675,REAL_SALAH_DITOLAK
2026-10-06T10:08:37.132778,89,2026-10-06T10:08:50.275260,1,0.9877196550369263,0.9936156272888184,7.833134174346924,5.382117748260498,1.1349093914031982,477.5576775147929,0.08653846153846154,171.1743010113028,87.25355343840508,REAL,SEDANG,REAL,REPLAY,SALAH,94,106,0.53,REAL_SALAH_DITOLAK
2026-10-06T10:08:37.132778,119,2026-10-06T10:08:53.912285,1,0.9913694858551025,0.994285523891449,11.42636775970459,-4.876283168792725,-3.8432652950286865,1177.22024375,0.20625,86.1938775510204,71.45174899308586,REAL,SEDANG,REAL,REPLAY,SALAH,10,190,0.95,REAL_SALAH_DITOLAK
2026-10-06T10:08:37.132778,120,2026-10-06T10:08:54.023859,1,0.9918690919876099,0.9918758273124695,12.220686912536621,-5.066084861755371,-4.290904521942139,1171.1118359375,0.200625,84.68820861678005,71.38590199626552,REAL,SEDANG,REAL,REPLAY,SALAH,33,167,0.835,REAL_SALAH_DITOLAK
2026-10-06T10:08:37.132778,123,2026-10-06T10:08:54.392428,1,0.9515752792358398,0.5043434500694275,23.732826232910156,-1.62037992477417,-2.1393184661865234,983.4616897907918,0.18261504747991233,78.67313019390582,67.06701550592695,REAL,SEDANG,REAL,REPLAY,SALAH,96,104,0.52,REAL_SALAH_DITOLAK
2026-10-06T10:08:37.132778,159,2026-10-06T10:08:58.825808,1,0.990864634513855,0.9939523935317993,8.34276008605957,-4.612961292266846,-20.858551025390625,1226.7017418639052,0.19423076923076923,108.92682926829268,81.22128467999266,REAL,SEDANG,REAL,REPLAY,SALAH,43,157,0.785,REAL_SALAH_DITOLAK
2026-10-06T10:08:37.132778,160,2026-10-06T10:08:58.933087,1,0.9882580041885376,0.9962117075920105,8.289281845092773,-6.422445297241211,-28.244169235229492,1096.7582359374999,0.1925,100.55978584176086,77.26586840833443,REAL,SEDANG,REAL,REPLAY,SALAH,40,160,0.8,REAL_SALAH_DITOLAK
2026-10-06T10:08:37.132778,161,2026-10-06T10:08:59.064203,1,0.9887905716896057,0.9974306225776672,8.831475257873535,-7.079629421234131,-29.819133758544922,1062.1511768573307,0.20576923076923076,101.78048780487805,77.35498599657892,REAL,SEDANG,REAL,REPLAY,SALAH,19,181,0.905,REAL_SALAH_DITOLAK
2026-10-06T10:08:37.132778,162,2026-10-06T10:08:59.176111,1,0.9882580041885376,0.997727632522583,8.836264610290527,-6.646076679229736,-29.147844314575195,1167.0090484374998,0.201875,102.12528344671202,78.23460746493056,REAL,SEDANG,REAL,REPLAY,SALAH,34,166,0.83,REAL_SALAH_DITOLAK
2026-10-06T10:08:37.132778,163,2026-10-06T10:08:59.308675,1,0.9828804135322571,0.44997191429138184,8.751229286193848,-6.801686763763428,-28.211164474487305,1259.454043392505,0.20256410256410257,98.33313503866746,77.61389299416633,REAL,SEDANG,REAL,REPLAY,SALAH,32,168,0.84,REAL_SALAH_DITOLAK
2026-10-06T10:08:37.132778,164,2026-10-06T10:08:59.426767,1,0.5735950469970703,0.010436594486236572,8.932672500610352,-7.217468738555908,-27.993751525878906,1055.786840234375,0.190625,101.25104104699584,77.47009578562563,REAL,SEDANG,REAL,REPLAY,SALAH,49,151,0.755,REAL_SALAH_DITOLAK
2026-10-06T10:08:37.132778,166,2026-10-06T10:08:59.665059,1,0.9882580041885376,0.9952638149261475,9.780526161193848,-7.202638626098633,-20.628036499023438,1076.585326360171,0.17685733070348456,91.361875,77.44488957629403,REAL,SEDANG,REAL,REPLAY,SALAH,100,100,0.5,REAL_SALAH_DITOLAK
2026-10-06T10:10:33.619972,33,2026-10-06T10:10:39.617878,1,0.015514969825744629,0.012393414974212646,12.91238021850586,-34.580047607421875,0.2540322542190552,1932.6916973894622,0.09070294784580499,32.312252964426875,19.528162699097226,REAL,JAUH,REAL,REPLAY,SALAH,52,148,0.74,REAL_SALAH_DITOLAK
2026-10-06T10:10:33.619972,34,2026-10-06T10:10:39.719227,1,0.3822312355041504,0.8745412826538086,11.846404075622559,-39.48391342163086,0.26249557733535767,1232.0776528298393,0.07482993197278912,31.301652892561982,17.54227236084299,REAL,JAUH,REAL,REPLAY,SALAH,27,173,0.865,REAL_SALAH_DITOLAK
2026-10-06T10:10:33.619972,35,2026-10-06T10:10:39.839099,1,0.9831671714782715,0.937804639339447,12.291038513183594,-35.79692077636719,0.4897454082965851,1750.867596371882,0.09523809523809523,31.49407114624506,18.825938827953085,REAL,JAUH,REAL,REPLAY,SALAH,30,170,0.85,REAL_SALAH_DITOLAK
2026-10-06T10:10:33.619972,36,2026-10-06T10:10:39.961015,1,0.9511713981628418,0.9834141135215759,13.741044998168945,-34.02262878417969,0.40303364396095276,1943.040975,0.105,31.020661157024794,18.45464584547424,REAL,JAUH,REAL,REPLAY,SALAH,26,174,0.87,REAL_SALAH_DITOLAK
2026-10-06T10:10:33.619972,37,2026-10-06T10:10:40.080779,1,0.9492247700691223,0.9668617844581604,10.601634979248047,-41.642215728759766,0.3587825894355774,1707.79274375,0.115,31.3008658008658,17.79836436704687,REAL,JAUH,REAL,REPLAY,SALAH,26,174,0.87,REAL_SALAH_DITOLAK
2026-10-06T10:10:33.619972,45,2026-10-06T10:10:41.046752,1,0.9898386597633362,0.9939523935317993,6.963331699371338,-0.2719649374485016,-1.2331126928329468,2070.4861474908967,0.1890359168241966,42.166666666666664,44.832304820916306,REAL,JAUH,REAL,REPLAY,SALAH,88,112,0.56,REAL_SALAH_DITOLAK
2026-10-06T10:10:33.619972,53,2026-10-06T10:10:42.018239,1,0.092304527759552,0.27962368726730347,7.966670513153076,5.752138137817383,-0.7157833576202393,2459.56253015105,0.22684310018903592,49.038333333333334,48.7679559809057,REAL,JAUH,REAL,REPLAY,SALAH,7,193,0.965,REAL_SALAH_DITOLAK
2026-10-06T10:10:33.619972,54,2026-10-06T10:10:42.141319,1,0.007300853729248047,0.012393414974212646,8.545639991760254,13.254380226135254,-1.1418142318725586,2596.0740856157367,0.22933884297520662,52.891304347826086,52.170454293567616,REAL,JAUH,REAL,REPLAY,SALAH,7,193,0.965,REAL_SALAH_DITOLAK
2026-10-06T10:10:33.619972,55,2026-10-06T10:10:42.265630,1,0.9035996794700623,0.021787047386169434,10.472546577453613,25.839750289916992,-2.1013343334198,1574.2653635339116,0.2066115702479339,64.27256944444444,64.64505392962884,REAL,JAUH,REAL,REPLAY,SALAH,25,175,0.875,REAL_SALAH_DITOLAK
2026-10-06T10:10:33.619972,56,2026-10-06T10:10:42.402528,1,0.40602678060531616,0.675443172454834,6.764492988586426,40.60939025878906,-1.9329999685287476,1135.778991263928,0.19954648526077098,63.300567107750474,59.687960013447075,REAL,JAUH,REAL,REPLAY,SALAH,53,147,0.735,REAL_SALAH_DITOLAK
2026-10-06T10:10:33.619972,57,2026-10-06T10:10:42.541507,1,0.6402992010116577,0.6937435865402222,7.848819255828857,46.931358337402344,-3.5707955360412598,1595.5404318881078,0.1947069943289225,67.18402777777777,60.245310056277475,REAL,JAUH,REAL,REPLAY,SALAH,56,144,0.72,REAL_SALAH_DITOLAK
2026-10-06T10:10:33.619972,58,2026-10-06T10:10:42.664971,1,0.7684621810913086,0.8227906227111816,7.004584312438965,49.26932907104492,-3.997119903564453,1749.3180984916435,0.21172022684310018,69.92534722222223,60.665318636731016,REAL,JAUH,REAL,REPLAY,SALAH,20,180,0.9,REAL_SALAH_DITOLAK
2026-10-06T10:10:33.619972,59,2026-10-06T10:10:42.784149,1,0.7338244915008545,0.6780469417572021,6.511110782623291,44.51103591918945,-4.354300022125244,1418.0364216925072,0.21694214876033058,76.63541666666667,64.2614753789698,REAL,JAUH,REAL,REPLAY,SALAH,3,197,0.985,REAL_SALAH_DITOLAK
2026-10-06T10:10:33.619972,60,2026-10-06T10:10:42.946622,1,0.9493870735168457,0.6728394031524658,7.233855247497559,41.285743713378906,-3.6389007568359375,1805.6403826024466,0.22134387351778656,75.16319444444444,61.77440840866038,REAL,JAUH,REAL,REPLAY,SALAH,2,198,0.99,REAL_SALAH_DITOLAK
2026-10-06T10:10:33.619972,61,2026-10-06T10:10:43.067425,1,0.9506080746650696,0.6832545399665833,9.469736099243164,44.65987777709961,-3.310589075088501,1795.9593054627449,0.22306238185255198,70.32291666666667,62.00461924856664,REAL,JAUH,REAL,REPLAY,SALAH,16,184,0.92,REAL_SALAH_DITOLAK
2026-10-06T10:10:33.619972,62,2026-10-06T10:10:43.188249,1,0.9472037553787231,0.6884933710098267,9.093807220458984,43.51295852661133,-2.635366678237915,1341.3219725428592,0.19008264462809918,72.23958333333333,65.03560640008202,REAL,JAUH,REAL,REPLAY,SALAH,54,146,0.73,REAL_SALAH_DITOLAK
2026-10-06T10:10:33.619972,63,2026-10-06T10:10:43.305063,1,0.9493870735168457,0.4685542583465576,8.37585735321045,43.7861213684082,-2.5221445560455322,1660.6860998224165,0.19834710743801653,68.4981884057971,63.896457203001,REAL,JAUH,REAL,REPLAY,SALAH,57,143,0.715,REAL_SALAH_DITOLAK
2026-10-06T10:10:33.619972,64,2026-10-06T10:10:43.420636,1,0.9445556402206421,0.44997191429138184,8.483993530273438,42.527034759521484,-2.5992324352264404,1671.1426815108257,0.1962809917355372,67.08506616257088,61.99678587959347,REAL,JAUH,REAL,REPLAY,SALAH,57,143,0.715,REAL_SALAH_DITOLAK
2026-10-06T10:10:33.619972,65,2026-10-06T10:10:43.577934,1,0.018253028392791748,0.3436095714569092,8.202539443969727,40.88593292236328,-1.5589653253555298,1616.9075333837238,0.19501133786848074,67.3194706994329,62.81471251708893,REAL,JAUH,REAL,REPLAY,SALAH,57,143,0.715,REAL_SALAH_DITOLAK
2026-10-06T10:10:33.619972,66,2026-10-06T10:10:43.711423,1,0.9918690919876099,0.9003492593765259,8.434370994567871,33.226112365722656,-1.2118669748306274,1809.6258793798238,0.2334710743801653,66.08876811594203,64.31377805538891,REAL,JAUH,REAL,REPLAY,SALAH,10,190,0.95,REAL_SALAH_DITOLAK
2026-10-06T10:10:33.619972,67,2026-10-06T10:10:43.822349,1,0.9898386597633362,0.9962117075920105,8.224702835083008,18.310836791992188,-1.004852056503296,1713.1185874198509,0.2222222222222222,55.03780718336484,54.62979452307961,REAL,JAUH,REAL,REPLAY,SALAH,15,185,0.925,REAL_SALAH_DITOLAK
2026-10-06T10:10:33.619972,68,2026-10-06T10:10:43.954600,1,0.9492247700691223,0.9884875416755676,8.246655464172363,6.420867919921875,-1.6768535375595093,2610.443972722586,0.22727272727272727,45.70659722222222,45.35349993635176,REAL,JAUH,REAL,REPLAY,SALAH,6,194,0.97,REAL_SALAH_DITOLAK
2026-10-06T10:10:33.619972,80,2026-10-06T10:10:45.363234,1,0.08553206920623779,0.025947093963623047,25.7442626953125,-0.6982976198196411,-1.684641718864441,2895.7184746602006,0.21074380165289255,39.14933837429111,44.15510559633933,REAL,JAUH,REAL,REPLAY,SALAH,28,172,0.86,REAL_SALAH_DITOLAK
2026-10-06T10:10:33.619972,81,2026-10-06T10:10:45.474680,1,0.9488933086395264,0.9382040500640869,24.50560760498047,0.018651502206921577,-1.3946830034255981,3527.4050112864493,0.2222222222222222,44.28544423440454,47.33278992136714,REAL,JAUH,REAL,REPLAY,SALAH,30,170,0.85,REAL_SALAH_DITOLAK
2026-10-06T10:10:33.619972,82,2026-10-06T10:10:45.596391,1,0.9510332942008972,0.9892709851264954,22.952383041381836,-1.8255141973495483,-2.215827226638794,2157.489142898278,0.21315192743764172,44.97933884297521,43.91205037524338,REAL,JAUH,REAL,REPLAY,SALAH,21,179,0.895,REAL_SALAH_DITOLAK
2026-10-06T10:10:33.619972,83,2026-10-06T10:10:45.725356,1,0.9987824559211731,0.3679760694503784,23.484716415405273,-1.403923511505127,-2.1833443641662598,3043.2114396779116,0.24489795918367346,37.69421487603306,38.49999312551331,REAL,JAUH,REAL,REPLAY,SALAH,69,131,0.655,REAL_SALAH_DITOLAK
2026-10-06T10:10:33.619972,84,2026-10-06T10:10:45.842959,1,0.9868497848510742,0.27962368726730347,23.9146728515625,-1.9857960939407349,-2.945077419281006,2403.6956,0.1575,24.865702479338843,18.657873986513184,REAL,JAUH,REAL,REPLAY,SALAH,41,159,0.795,REAL_SALAH_DITOLAK
2026-10-06T10:10:33.619972,85,2026-10-06T10:10:45.969428,1,0.9485522508621216,0.6963686943054199,23.13884925842285,-2.0483803749084473,-2.730632781982422,2294.747198955168,0.1473922902494331,24.33677685950413,18.190458479488914,REAL,JAUH,REAL,REPLAY,SALAH,31,169,0.845,REAL_SALAH_DITOLAK
2026-10-06T10:10:33.619972,86,2026-10-06T10:10:46.079084,1,0.062496304512023926,0.06604921817779541,26.320756912231445,-2.3824524879455566,-4.289053916931152,1688.6525161841003,0.13378684807256236,23.149338374291116,15.821021780721685,REAL,JAUH,REAL,REPLAY,SALAH,24,176,0.88,REAL_SALAH_DITOLAK
2026-10-06T10:10:33.619972,87,2026-10-06T10:10:46.197574,1,0.1603792905807495,0.025484859943389893,25.086328506469727,-3.1899631023406982,-3.7761597633361816,2051.37729649683,0.1383219954648526,22.731404958677686,17.946378041347245,REAL,JAUH,REAL,REPLAY,SALAH,30,170,0.85,REAL_SALAH_DITOLAK
2026-10-06T10:10:33.619972,88,2026-10-06T10:10:46.327632,1,0.7634485363960266,0.14226526021957397,18.655208587646484,-3.0919840335845947,-2.647672414779663,2119.403063315347,0.1115702479338843,24.42534722222222,18.69421283791957,REAL,JAUH,REAL,REPLAY,SALAH,33,167,0.835,REAL_SALAH_DITOLAK
2026-10-06T10:10:33.619972,103,2026-10-06T10:10:48.223476,1,0.9923635125160217,0.9946150779724121,-8.262749671936035,-0.9102113842964172,-1.3180748224258423,2124.386388888889,0.19833333333333333,93.75,76.06434863414064,REAL,JAUH,REAL,REPLAY,SALAH,47,153,0.765,REAL_SALAH_DITOLAK
2026-10-06T10:10:33.619972,104,2026-10-06T10:10:48.379246,1,0.9923635125160217,0.9955831170082092,-9.101218223571777,-0.836114764213562,-1.3838934898376465,2252.126622222222,0.19666666666666666,98.53550295857988,75.99824962879423,REAL,JAUH,REAL,REPLAY,SALAH,50,150,0.75,REAL_SALAH_DITOLAK
2026-10-06T10:10:33.619972,105,2026-10-06T10:10:48.498873,1,0.9923635125160217,0.9958990216255188,-8.633050918579102,-0.38709282875061035,-2.019434928894043,1878.172663888889,0.19833333333333333,98.81213017751479,73.78177422567431,REAL,JAUH,REAL,REPLAY,SALAH,44,156,0.78,REAL_SALAH_DITOLAK
2026-10-06T10:10:33.619972,106,2026-10-06T10:10:48.627692,1,0.9913694858551025,0.9968274235725403,-4.3598527908325195,-0.25157344341278076,-1.7825140953063965,2447.314224054784,0.234375,97.1923076923077,73.91611629760258,REAL,JAUH,REAL,REPLAY,SALAH,1,199,0.995,REAL_SALAH_DITOLAK
2026-10-06T10:10:33.619972,107,2026-10-06T10:10:48.727709,1,0.9947605133056641,0.9965211153030396,-2.046781539916992,0.3951604962348938,-1.9271022081375122,2075.8927921248073,0.24305555555555555,92.72928994082841,69.827423149907,REAL,JAUH,REAL,REPLAY,SALAH,0,200,1.0,REAL_SALAH_DITOLAK
2026-10-06T10:10:33.619972,108,2026-10-06T10:10:48.874927,1,0.9956856369972229,0.997727632522583,1.6607238054275513,0.10516341030597687,-1.6389836072921753,2499.1091555555554,0.22666666666666666,79.24852071005917,61.196238916905784,REAL,JAUH,REAL,REPLAY,SALAH,5,195,0.975,REAL_SALAH_DITOLAK
2026-10-06T10:10:33.619972,109,2026-10-06T10:10:48.983797,1,0.9923635125160217,0.9946150779724121,5.183625221252441,-0.5667595863342285,-1.5193917751312256,2608.410288869599,0.234375,73.01076923076923,58.00489269304238,REAL,JAUH,REAL,REPLAY,SALAH,4,196,0.98,REAL_SALAH_DITOLAK
2026-10-06T10:10:33.619972,110,2026-10-06T10:10:49.114690,1,0.9918690919876099,0.9896559715270996,6.2404961585998535,-0.7712318897247314,-1.5120328664779663,2650.3846848088638,0.25,63.6624,50.69882470274829,REAL,JAUH,REAL,REPLAY,SALAH,8,192,0.96,REAL_SALAH_DITOLAK
2026-10-06T10:10:33.619972,111,2026-10-06T10:10:49.227386,1,0.9942908883094788,0.9896559715270996,7.234862327575684,-1.6800090074539185,-1.4935640096664429,3314.781758212699,0.22495274102079396,57.913333333333334,46.39453080793995,REAL,JAUH,REAL,REPLAY,SALAH,33,167,0.835,REAL_SALAH_DITOLAK
2026-10-06T10:10:33.619972,112,2026-10-06T10:10:49.354550,1,0.9898386597633362,0.9371852278709412,9.347495079040527,-2.1958205699920654,-1.2046587467193604,2390.308367966095,0.19281663516068054,49.4832,43.28018620292662,REAL,JAUH,REAL,REPLAY,SALAH,68,132,0.66,REAL_SALAH_DITOLAK
2026-10-06T10:10:33.619972,131,2026-10-06T10:10:51.692843,1,0.9868497848510742,0.9922314882278442,10.024330139160156,-2.3025825023651123,9.034969329833984,2749.1668729936478,0.19834710743801653,45.9375,44.999339308421455,REAL,JAUH,REAL,REPLAY,SALAH,61,139,0.695,REAL_SALAH_DITOLAK
2026-10-06T10:10:33.619972,132,2026-10-06T10:10:51.810449,1,0.9923635125160217,0.9932752251625061,10.068863868713379,-2.184185266494751,2.860684394836426,2466.2260712333077,0.19848771266540643,42.335,41.44791239214186,REAL,JAUH,REAL,REPLAY,SALAH,74,126,0.63,REAL_SALAH_DITOLAK
2026-10-06T10:10:33.619972,133,2026-10-06T10:10:51.932591,1,0.9923635125160217,0.9936156272888184,8.852193832397461,-2.33528733253479,0.1890212744474411,3372.1587687293854,0.1890359168241966,46.3504,45.672298166831936,REAL,JAUH,REAL,REPLAY,SALAH,98,102,0.51,REAL_SALAH_DITOLAK
2026-10-06T10:10:33.619972,134,2026-10-06T10:10:52.055186,1,0.9947605133056641,0.9946150779724121,9.017680168151855,-1.9617438316345215,0.3574065864086151,3145.354769315433,0.20226843100189035,42.48784722222222,41.906557655481734,REAL,JAUH,REAL,REPLAY,SALAH,59,141,0.705,REAL_SALAH_DITOLAK
2026-10-06T10:10:33.619972,135,2026-10-06T10:10:52.174209,1,0.9942908883094788,0.6528555154800415,9.104623794555664,-1.9494222402572632,0.3856978118419647,3167.9390082225264,0.20226843100189035,42.88368055555556,42.29048041434068,REAL,JAUH,REAL,REPLAY,SALAH,55,145,0.725,REAL_SALAH_DITOLAK
2026-10-06T10:10:33.619972,136,2026-10-06T10:10:52.287004,1,0.1492120623588562,0.010436594486236572,8.608053207397461,-1.6232326030731201,-1.607151746749878,3652.306688440936,0.22684310018903592,48.05,49.78866169453978,REAL,JAUH,REAL,REPLAY,SALAH,23,177,0.885,REAL_SALAH_DITOLAK
2026-10-06T10:10:33.619972,137,2026-10-06T10:10:52.390854,1,0.060685038566589355,0.006523013114929199,7.6163740158081055,-1.7902791500091553,-5.633557319641113,3179.1400187963877,0.20415879017013233,49.8944,51.195922187611785,REAL,JAUH,REAL,REPLAY,SALAH,54,146,0.73,REAL_SALAH_DITOLAK
2026-10-06T10:10:33.619972,138,2026-10-06T10:10:52.536770,1,0.9837305545806885,0.990412712097168,7.454663276672363,-3.5040807723999023,-16.830339431762695,2027.2005317305184,0.21928166351606806,49.6032,51.42350580969757,REAL,JAUH,REAL,REPLAY,SALAH,17,183,0.915,REAL_SALAH_DITOLAK
2026-10-06T10:10:33.619972,139,2026-10-06T10:10:52.655397,1,0.9871754050254822,0.9939523935317993,5.743302822113037,-3.2867929935455322,-25.729469299316406,2283.6118314766586,0.25,50.08615384615385,51.44549281871976,REAL,JAUH,REAL,REPLAY,SALAH,1,199,0.995,REAL_SALAH_DITOLAK
2026-10-06T10:10:33.619972,140,2026-10-06T10:10:52.777328,1,0.9887905716896057,0.9952638149261475,5.558197498321533,-3.5037472248077393,-30.457256317138672,1642.2932942708333,0.2517361111111111,45.6064,45.32914602151688,REAL,JAUH,REAL,REPLAY,SALAH,1,199,0.995,REAL_SALAH_DITOLAK
2026-10-06T10:10:33.619972,141,2026-10-06T10:10:52.898540,1,0.9903543591499329,0.9974306225776672,4.716121673583984,-2.269911050796509,-30.488462448120117,1555.1085249947491,0.2554347826086957,48.2144,48.302898801624735,REAL,JAUH,REAL,REPLAY,SALAH,2,198,0.99,REAL_SALAH_DITOLAK
2026-10-06T10:10:33.619972,142,2026-10-06T10:10:53.018018,1,0.9913694858551025,0.9974306225776672,5.5845561027526855,-2.7898361682891846,-29.366451263427734,1231.7906821046,0.26811594202898553,48.5408,48.14197685346957,REAL,JAUH,REAL,REPLAY,SALAH,2,198,0.99,REAL_SALAH_DITOLAK
2026-10-06T10:10:33.619972,143,2026-10-06T10:10:53.140721,1,0.9887905716896057,0.997727632522583,5.941267013549805,-3.3668711185455322,-28.80677032470703,1504.903069957583,0.2665406427221172,48.7712,48.13913637114817,REAL,JAUH,REAL,REPLAY,SALAH,2,198,0.99,REAL_SALAH_DITOLAK
2026-10-06T10:10:33.619972,144,2026-10-06T10:10:53.263142,1,0.9913694858551025,0.9971305727958679,5.387786388397217,-3.7118043899536133,-28.648670196533203,1611.6957965763495,0.24456521739130435,48.5936,48.27989684164621,REAL,JAUH,REAL,REPLAY,SALAH,3,197,0.985,REAL_SALAH_DITOLAK
2026-10-06T10:10:33.619972,145,2026-10-06T10:10:53.419882,1,0.03877866268157959,0.008479773998260498,6.560455322265625,-4.203581809997559,-26.53904151916504,1877.5729166666667,0.23958333333333334,47.2112,46.97625138897314,REAL,JAUH,REAL,REPLAY,SALAH,4,196,0.98,REAL_SALAH_DITOLAK
2026-10-06T10:10:33.619972,146,2026-10-06T10:10:53.533947,1,0.9863588809967041,0.4685542583465576,7.617677211761475,-4.3785905838012695,-19.20061492919922,1411.0562712397395,0.21172022684310018,45.4624,43.563716396101924,REAL,JAUH,REAL,REPLAY,SALAH,18,182,0.91,REAL_SALAH_DITOLAK
2026-10-06T10:10:33.619972,147,2026-10-06T10:10:53.662788,1,0.9893174171447754,0.8628342747688293,9.054131507873535,-4.011910915374756,-13.862215995788574,2499.9704830970295,0.22916666666666666,45.41384615384615,45.64605763387231,REAL,JAUH,REAL,REPLAY,SALAH,5,195,0.975,REAL_SALAH_DITOLAK
2026-10-06T10:10:33.619972,148,2026-10-06T10:10:53.782936,1,0.986605703830719,0.9834141135215759,10.476622581481934,-3.326132297515869,-10.200153350830078,2315.100782229909,0.19281663516068054,42.9536,39.586819107374616,REAL,JAUH,REAL,REPLAY,SALAH,84,116,0.58,REAL_SALAH_DITOLAK
2026-10-06T10:11:17.816002,4,2026-10-06T10:11:26.799515,1,0.9850823879241943,0.9965211153030396,0.21737949550151825,0.15858909487724304,4.194190502166748,651.975859957921,0.16549486208761494,121.21283950617284,77.29072666070408,REPLAY,DEKAT,REPLAY,REAL,SALAH,124,76,0.62,SERANGAN_SALAH_DITERIMA
2026-10-06T10:11:17.816002,55,2026-10-06T10:11:33.004061,1,0.001824796199798584,0.000652611255645752,-14.73802375793457,-3.0439565181732178,-5.124300956726074,180.63223694457542,0.1115491651205937,108.50349192492361,88.15547830584075,REPLAY,DEKAT,REPLAY,REAL,SALAH,108,92,0.54,SERANGAN_SALAH_DITERIMA
2026-10-06T10:15:15.402225,1,2026-10-06T10:15:18.625368,1,0.7338244915008545,0.675443172454834,0.35626500844955444,8.38907241821289,-10.921594619750977,236.65700954861111,0.06076388888888889,78.77366863905326,46.32405108608588,FOTO_LAYAR,DEKAT,REPLAY,REAL,SALAH,195,5,0.975,SERANGAN_SALAH_DITERIMA
2026-10-06T10:15:42.779105,41,2026-10-06T10:15:50.371005,1,0.9492247700691223,0.08343684673309326,0.7915235161781311,5.0928544998168945,-5.716036796569824,900.8148148148149,0.14814814814814814,93.53,67.11355377269184,FOTO_LAYAR,JAUH,REPLAY,REAL,SALAH,163,37,0.815,SERANGAN_SALAH_DITERIMA
2026-10-06T10:15:42.779105,42,2026-10-06T10:15:50.500268,1,0.08553206920623779,0.022711515426635742,1.5234423875808716,6.261824131011963,-5.501849174499512,660.1942515432098,0.1388888888888889,80.12,57.82201656808589,FOTO_LAYAR,JAUH,REPLAY,REAL,SALAH,190,10,0.95,SERANGAN_SALAH_DITERIMA
2026-10-06T10:15:42.779105,44,2026-10-06T10:15:50.738868,1,0.9503150582313538,0.15379184484481812,-1.0058352947235107,5.665615558624268,-4.2538275718688965,1700.062255859375,0.171875,75.73333333333333,67.89432966014172,FOTO_LAYAR,JAUH,REPLAY,REAL,SALAH,130,70,0.65,SERANGAN_SALAH_DITERIMA
2026-10-06T10:15:42.779105,45,2026-10-06T10:15:50.853886,1,0.7466771602630615,0.022711515426635742,0.24471217393875122,5.4063286781311035,-3.780609369277954,1929.6473098613017,0.1728395061728395,59.89090909090909,57.72369065479024,FOTO_LAYAR,JAUH,REPLAY,REAL,SALAH,136,64,0.68,SERANGAN_SALAH_DITERIMA
2026-10-06T10:15:42.779105,47,2026-10-06T10:15:51.097306,1,0.8114630579948425,0.6528555154800415,-0.1183551549911499,4.089188098907471,-6.0553436279296875,1119.277853985673,0.13580246913580246,61.52,53.21418607852609,FOTO_LAYAR,JAUH,REPLAY,REAL,SALAH,188,12,0.94,SERANGAN_SALAH_DITERIMA
2026-10-06T10:15:42.779105,50,2026-10-06T10:15:51.453576,1,0.9933371543884277,0.9371852278709412,-0.5047986507415771,4.925224304199219,-7.19648551940918,749.388427734375,0.15625,79.08641975308642,52.591413074352175,FOTO_LAYAR,JAUH,REPLAY,REAL,SALAH,150,50,0.75,SERANGAN_SALAH_DITERIMA
2026-10-06T10:15:42.779105,52,2026-10-06T10:15:51.703330,1,0.092304527759552,0.8684090375900269,-0.2951035499572754,2.4348535537719727,-7.796997547149658,772.7412109375,0.140625,74.58,47.60928060788149,FOTO_LAYAR,JAUH,REPLAY,REAL,SALAH,171,29,0.855,SERANGAN_SALAH_DITERIMA
2026-10-06T10:15:42.779105,54,2026-10-06T10:15:51.944298,1,0.8898150324821472,0.3513319492340088,0.13100339472293854,4.574855804443359,-6.54189920425415,871.263427734375,0.15625,72.73,48.31953124772631,FOTO_LAYAR,JAUH,REPLAY,REAL,SALAH,140,60,0.7,SERANGAN_SALAH_DITERIMA
2026-10-06T10:15:42.779105,55,2026-10-06T10:15:52.066933,1,0.9942908883094788,0.3970256447792053,-0.07910281419754028,5.447836875915527,-5.844776153564453,1278.238037109375,0.125,72.16,47.557274942956944,FOTO_LAYAR,JAUH,REPLAY,REAL,SALAH,191,9,0.955,SERANGAN_SALAH_DITERIMA
2026-10-06T10:15:42.779105,61,2026-10-06T10:15:52.832195,1,0.7466771602630615,0.1860300898551941,-0.36161622405052185,5.052725791931152,-7.980625629425049,620.99609375,0.109375,72.69,37.33006697020514,FOTO_LAYAR,JAUH,REPLAY,REAL,SALAH,174,26,0.87,SERANGAN_SALAH_DITERIMA
2026-10-06T10:15:42.779105,62,2026-10-06T10:15:52.947340,1,0.5554949641227722,0.32518619298934937,-0.08634484559297562,5.024990081787109,-7.2161054611206055,1517.7442463039172,0.14814814814814814,71.75,39.24751584495508,FOTO_LAYAR,JAUH,REPLAY,REAL,SALAH,169,31,0.845,SERANGAN_SALAH_DITERIMA
2026-10-06T10:15:42.779105,64,2026-10-06T10:15:53.193018,1,0.8186739683151245,0.02456045150756836,0.19488956034183502,4.449029445648193,-6.101161956787109,941.720458984375,0.171875,79.57777777777778,39.66890127537012,FOTO_LAYAR,JAUH,REPLAY,REAL,SALAH,106,94,0.53,SERANGAN_SALAH_DITERIMA
2026-10-06T10:15:42.779105,65,2026-10-06T10:15:53.312832,1,0.1954095959663391,0.019214868545532227,0.1908634603023529,5.817861080169678,-4.164447784423828,927.6552734375,0.15625,78.16666666666667,41.07209109196494,FOTO_LAYAR,JAUH,REPLAY,REAL,SALAH,142,58,0.71,SERANGAN_SALAH_DITERIMA
2026-10-06T10:15:42.779105,68,2026-10-06T10:15:53.716792,1,0.601551353931427,0.6025388240814209,-1.8960260152816772,6.056248188018799,-2.022268533706665,817.8695987654321,0.16666666666666666,71.95,48.01486748914339,FOTO_LAYAR,JAUH,REPLAY,REAL,SALAH,115,85,0.575,SERANGAN_SALAH_DITERIMA
2026-10-06T10:15:42.779105,74,2026-10-06T10:15:54.441266,1,0.9992077946662903,0.08612668514251709,0.9904062747955322,4.149695873260498,-2.277662754058838,1181.9427083333333,0.16666666666666666,79.95,53.1662251810301,FOTO_LAYAR,JAUH,REPLAY,REAL,SALAH,124,76,0.62,SERANGAN_SALAH_DITERIMA
2026-10-06T10:15:42.779105,75,2026-10-06T10:15:54.553419,1,0.9515752792358398,0.27962368726730347,0.10607478767633438,4.095860481262207,-3.472780227661133,1111.2152777777778,0.1388888888888889,90.33,55.5902968151817,FOTO_LAYAR,JAUH,REPLAY,REAL,SALAH,190,10,0.95,SERANGAN_SALAH_DITERIMA
2026-10-06T10:15:42.779105,76,2026-10-06T10:15:54.673270,1,0.03877866268157959,0.1860300898551941,-1.2856394052505493,5.2946248054504395,-3.4359052181243896,1229.577880859375,0.171875,99.04,59.27696348498292,FOTO_LAYAR,JAUH,REPLAY,REAL,SALAH,120,80,0.6,SERANGAN_SALAH_DITERIMA
2026-10-06T10:15:42.779105,78,2026-10-06T10:15:54.921781,1,0.245616614818573,0.08343684673309326,0.27550679445266724,4.539091110229492,-2.715653896331787,1048.7333984375,0.140625,89.28,55.734743203858045,FOTO_LAYAR,JAUH,REPLAY,REAL,SALAH,185,15,0.925,SERANGAN_SALAH_DITERIMA
2026-10-06T10:15:42.779105,79,2026-10-06T10:15:55.037628,1,0.9913694858551025,0.026871562004089355,-0.05264313519001007,4.543686389923096,-3.487785577774048,1339.089599609375,0.125,92.01,55.14752850309793,FOTO_LAYAR,JAUH,REPLAY,REAL,SALAH,196,4,0.98,SERANGAN_SALAH_DITERIMA
2026-10-06T10:15:42.779105,80,2026-10-06T10:15:55.158917,1,0.2853690981864929,0.6025388240814209,-0.5607681274414062,6.492458820343018,-3.8460683822631836,845.9079408626734,0.14814814814814814,87.26,53.23281318885937,FOTO_LAYAR,JAUH,REPLAY,REAL,SALAH,152,48,0.76,SERANGAN_SALAH_DITERIMA
2026-10-06T10:15:42.779105,81,2026-10-06T10:15:55.286279,1,0.9928528666496277,0.02363598346710205,0.5643005967140198,5.3412556648254395,-4.461799621582031,807.6296296296297,0.1111111111111111,100.69,58.409536036506914,FOTO_LAYAR,JAUH,REPLAY,REAL,SALAH,195,5,0.975,SERANGAN_SALAH_DITERIMA
2026-10-06T10:15:42.779105,82,2026-10-06T10:15:55.529862,1,0.044218361377716064,0.026871562004089355,0.6829370856285095,4.500542640686035,-5.312729835510254,661.0362654320987,0.16666666666666666,96.39,60.66974451899398,FOTO_LAYAR,JAUH,REPLAY,REAL,SALAH,122,78,0.61,SERANGAN_SALAH_DITERIMA
2026-10-06T10:15:42.779105,85,2026-10-06T10:15:55.889290,1,0.9825901985168457,0.12644684314727783,0.23165127635002136,5.676251411437988,-6.191161632537842,1310.1740588324951,0.13580246913580246,95.28,57.103779209435864,FOTO_LAYAR,JAUH,REPLAY,REAL,SALAH,187,13,0.935,SERANGAN_SALAH_DITERIMA
2026-10-06T10:15:42.779105,86,2026-10-06T10:15:56.010468,1,0.15179461240768433,0.026871562004089355,0.07009399682283401,3.6576554775238037,-6.6214280128479,1369.068115234375,0.09375,82.21111111111111,43.0357717988302,FOTO_LAYAR,JAUH,REPLAY,REAL,SALAH,192,8,0.96,SERANGAN_SALAH_DITERIMA
2026-10-06T10:15:42.779105,87,2026-10-06T10:15:56.124118,1,0.8997346758842468,0.021324872970581055,-0.48628464341163635,5.084640026092529,-7.276962757110596,1554.6396484375,0.140625,80.6,44.91295284584765,FOTO_LAYAR,JAUH,REPLAY,REAL,SALAH,182,18,0.91,SERANGAN_SALAH_DITERIMA
2026-10-06T10:15:42.779105,88,2026-10-06T10:15:56.255532,1,0.21113640069961548,0.025947093963623047,-0.20220822095870972,5.245443820953369,-8.258167266845703,677.788818359375,0.140625,86.61728395061728,54.46021719402712,FOTO_LAYAR,JAUH,REPLAY,REAL,SALAH,185,15,0.925,SERANGAN_SALAH_DITERIMA
2026-10-06T10:15:42.779105,93,2026-10-06T10:15:56.891297,1,0.026467084884643555,0.26849472522735596,-0.68549644947052,4.332136154174805,-9.153416633605957,326.140380859375,0.140625,90.81481481481481,50.15731083206096,FOTO_LAYAR,JAUH,REPLAY,REAL,SALAH,175,25,0.875,SERANGAN_SALAH_DITERIMA
2026-10-06T10:15:42.779105,94,2026-10-06T10:15:57.009983,1,0.9913694858551025,0.0208626389503479,-0.19288845360279083,5.504918098449707,-8.701849937438965,421.65625,0.09375,94.08,54.32691414023071,FOTO_LAYAR,JAUH,REPLAY,REAL,SALAH,200,0,1.0,SERANGAN_SALAH_DITERIMA
2026-10-06T10:15:42.779105,95,2026-10-06T10:15:57.139429,1,0.8049881458282471,0.026871562004089355,-0.31541216373443604,3.844677448272705,-9.169679641723633,1424.125,0.15625,97.34444444444445,50.068211496608654,FOTO_LAYAR,JAUH,REPLAY,REAL,SALAH,156,44,0.78,SERANGAN_SALAH_DITERIMA
2026-10-06T10:15:42.779105,96,2026-10-06T10:15:57.259615,1,0.9493870735168457,0.77680504322052,0.15278762578964233,6.866785049438477,-7.698265552520752,1015.3427734375,0.140625,94.52222222222223,48.56295519512739,FOTO_LAYAR,JAUH,REPLAY,REAL,SALAH,164,36,0.82,SERANGAN_SALAH_DITERIMA
2026-10-06T10:15:42.779105,97,2026-10-06T10:15:57.381368,1,0.7634485363960266,0.08343684673309326,-1.1614001989364624,7.436858654022217,-7.822964191436768,1065.741943359375,0.171875,86.4,42.23884468116995,FOTO_LAYAR,JAUH,REPLAY,REAL,SALAH,105,95,0.525,SERANGAN_SALAH_DITERIMA
2026-10-06T10:15:42.779105,98,2026-10-06T10:15:57.498462,1,0.14638656377792358,0.8734263181686401,-0.6661615967750549,4.956201076507568,-7.8506693840026855,1232.6875,0.109375,87.7,41.910977082382594,FOTO_LAYAR,JAUH,REPLAY,REAL,SALAH,191,9,0.955,SERANGAN_SALAH_DITERIMA
2026-10-06T10:15:42.779105,100,2026-10-06T10:15:57.742893,1,0.770969033241272,0.05664175748825073,-0.16766837239265442,5.136408805847168,-7.706192970275879,1545.734375,0.171875,85.14444444444445,39.17639910601253,FOTO_LAYAR,JAUH,REPLAY,REAL,SALAH,131,69,0.655,SERANGAN_SALAH_DITERIMA
2026-10-06T10:15:42.779105,101,2026-10-06T10:15:57.861166,1,0.9842807650566101,0.010436594486236572,-0.3399098515510559,4.040631294250488,-7.770386219024658,1088.74609375,0.109375,81.51851851851852,35.27462316992942,FOTO_LAYAR,JAUH,REPLAY,REAL,SALAH,173,27,0.865,SERANGAN_SALAH_DITERIMA
2026-10-06T10:15:42.779105,102,2026-10-06T10:15:57.976426,1,0.9503150582313538,0.012393414974212646,-0.3210245668888092,4.593690872192383,-8.047481536865234,1000.894287109375,0.09375,78.91358024691358,35.79371540494887,FOTO_LAYAR,JAUH,REPLAY,REAL,SALAH,164,36,0.82,SERANGAN_SALAH_DITERIMA
2026-10-06T10:15:42.779105,103,2026-10-06T10:15:58.104054,1,0.770969033241272,0.0208626389503479,-0.4384303092956543,5.416738510131836,-7.866847991943359,943.5537109375,0.09375,78.95061728395062,36.04863012913058,FOTO_LAYAR,JAUH,REPLAY,REAL,SALAH,167,33,0.835,SERANGAN_SALAH_DITERIMA
2026-10-06T10:15:42.779105,104,2026-10-06T10:15:58.224170,1,0.32690995931625366,0.6780469417572021,-0.508054792881012,3.9849166870117188,-8.26572036743164,1078.152099609375,0.0625,85.22,41.29033300907126,FOTO_LAYAR,JAUH,REPLAY,REAL,SALAH,184,16,0.92,SERANGAN_SALAH_DITERIMA
2026-10-06T10:15:42.779105,105,2026-10-06T10:15:58.348811,1,0.6617919206619263,0.29507261514663696,-0.3978930115699768,3.6915037631988525,-8.111098289489746,820.628662109375,0.0625,86.25,41.65270099285279,FOTO_LAYAR,JAUH,REPLAY,REAL,SALAH,178,22,0.89,SERANGAN_SALAH_DITERIMA
2026-10-06T10:15:42.779105,106,2026-10-06T10:15:58.461298,1,0.8898150324821472,0.6937435865402222,-0.13170628249645233,6.338981628417969,-7.221103668212891,2475.90234375,0.109375,82.69135802469135,34.45076715277948,FOTO_LAYAR,JAUH,REPLAY,REAL,SALAH,190,10,0.95,SERANGAN_SALAH_DITERIMA
2026-10-06T10:15:42.779105,107,2026-10-06T10:15:58.586961,1,0.9942908883094788,0.6444942951202393,-0.5937281847000122,4.961563587188721,-7.956583023071289,314.056396484375,0.09375,94.0,41.113501432011354,FOTO_LAYAR,JAUH,REPLAY,REAL,SALAH,188,12,0.94,SERANGAN_SALAH_DITERIMA
2026-10-06T10:15:42.779105,108,2026-10-06T10:15:58.700637,1,0.9445556402206421,0.047746360301971436,-0.30278176069259644,5.148014545440674,-9.097355842590332,560.5,0.09375,95.74,40.89171554239321,FOTO_LAYAR,JAUH,REPLAY,REAL,SALAH,182,18,0.91,SERANGAN_SALAH_DITERIMA
2026-10-06T10:15:42.779105,109,2026-10-06T10:15:58.830428,1,0.5938228368759155,0.029933273792266846,-0.6517271995544434,5.363648414611816,-9.342941284179688,1578.03125,0.140625,94.8,41.11425813780692,FOTO_LAYAR,JAUH,REPLAY,REAL,SALAH,179,21,0.895,SERANGAN_SALAH_DITERIMA
2026-10-06T10:15:42.779105,110,2026-10-06T10:15:58.950706,1,0.9485522508621216,0.029933273792266846,-0.8922325968742371,6.7010908126831055,-8.245078086853027,830.486083984375,0.125,95.91111111111111,40.60696285243167,FOTO_LAYAR,JAUH,REPLAY,REAL,SALAH,175,25,0.875,SERANGAN_SALAH_DITERIMA
2026-10-06T10:15:42.779105,111,2026-10-06T10:15:59.070132,1,0.8972601294517517,0.0595439076423645,-0.6685901880264282,6.210352420806885,-8.57283878326416,873.4375,0.125,89.54320987654322,31.733087994194776,FOTO_LAYAR,JAUH,REPLAY,REAL,SALAH,159,41,0.795,SERANGAN_SALAH_DITERIMA
2026-10-06T10:15:42.779105,112,2026-10-06T10:15:59.185140,1,0.060685038566589355,0.021324872970581055,-0.6654044985771179,4.138481140136719,-8.592889785766602,482.312255859375,0.109375,90.14814814814815,30.040347810413987,FOTO_LAYAR,JAUH,REPLAY,REAL,SALAH,166,34,0.83,SERANGAN_SALAH_DITERIMA
2026-10-06T10:15:42.779105,113,2026-10-06T10:15:59.310610,1,0.062496304512023926,0.02456045150756836,-0.3069690763950348,3.4087634086608887,-9.380912780761719,606.890380859375,0.078125,93.55,38.9541717919917,FOTO_LAYAR,JAUH,REPLAY,REAL,SALAH,171,29,0.855,SERANGAN_SALAH_DITERIMA
2026-10-06T10:15:42.779105,114,2026-10-06T10:15:59.431880,1,0.9928528666496277,0.0595439076423645,-0.800045371055603,6.333107948303223,-9.116340637207031,917.6396484375,0.125,93.55,37.81543996835157,FOTO_LAYAR,JAUH,REPLAY,REAL,SALAH,167,33,0.835,SERANGAN_SALAH_DITERIMA
2026-10-06T10:15:42.779105,115,2026-10-06T10:15:59.545340,1,0.5735950469970703,0.019214868545532227,-0.33176666498184204,4.697669506072998,-8.053945541381836,1189.478271484375,0.078125,92.4,36.41940874497186,FOTO_LAYAR,JAUH,REPLAY,REAL,SALAH,183,17,0.915,SERANGAN_SALAH_DITERIMA
2026-10-06T10:15:42.779105,116,2026-10-06T10:15:59.699249,1,0.9514423608779907,0.7962261438369751,0.203312948346138,4.264613151550293,-6.758688449859619,538.111083984375,0.171875,86.77,39.28329288641674,FOTO_LAYAR,JAUH,REPLAY,REAL,SALAH,104,96,0.52,SERANGAN_SALAH_DITERIMA
2026-10-06T10:15:42.779105,119,2026-10-06T10:16:00.070640,1,0.2012934684753418,0.010436594486236572,1.093414068222046,5.974310398101807,-3.844757556915283,764.327880859375,0.140625,67.46,35.32178364692248,FOTO_LAYAR,JAUH,REPLAY,REAL,SALAH,148,52,0.74,SERANGAN_SALAH_DITERIMA
