jarak,kelompok_kesalahan,jumlah_frame,fitur,median,p25,p75,minimum,maksimum
DEKAT,BENAR,422,laplacian_variance,479.744379,76.134206,658.088551,6.225400,1073.149891
DEKAT,BENAR,422,edge_density,0.103254,0.078421,0.118375,0.000000,0.179832
DEKAT,BENAR,422,intensity_mean,115.608060,104.052068,126.329283,53.312799,183.827485
DEKAT,BENAR,422,intensity_std,72.902386,69.099618,76.790822,15.695335,87.596666
DEKAT,REAL_SALAH_DITOLAK,16,laplacian_variance,814.211085,754.083616,854.229981,174.252563,902.485358
DEKAT,REAL_SALAH_DITOLAK,16,edge_density,0.152731,0.147755,0.156220,0.088903,0.164683
DEKAT,REAL_SALAH_DITOLAK,16,intensity_mean,140.325481,139.285482,141.000211,122.333841,142.519287
DEKAT,REAL_SALAH_DITOLAK,16,intensity_std,64.610248,64.203365,64.991342,63.940494,70.086610
DEKAT,SERANGAN_SALAH_DITERIMA,3,laplacian_variance,236.657010,208.644623,444.316435,180.632237,651.975860
DEKAT,SERANGAN_SALAH_DITERIMA,3,edge_density,0.111549,0.086157,0.138522,0.060764,0.165495
DEKAT,SERANGAN_SALAH_DITERIMA,3,intensity_mean,108.503492,93.638580,114.858166,78.773669,121.212840
DEKAT,SERANGAN_SALAH_DITERIMA,3,intensity_std,77.290727,61.807389,82.723102,46.324051,88.155478
JAUH,BENAR,416,laplacian_variance,1816.206517,2.005502,2582.191643,0.847412,10270.517900
JAUH,BENAR,416,edge_density,0.147448,0.000000,0.264753,0.000000,0.703125
JAUH,BENAR,416,intensity_mean,118.885000,44.728125,200.018519,22.550400,217.289256
JAUH,BENAR,416,intensity_std,36.572792,1.287558,55.342351,0.520572,81.099878
JAUH,REAL_SALAH_DITOLAK,59,laplacian_variance,2070.486147,1679.897599,2499.539819,1135.778991,3652.306688
JAUH,REAL_SALAH_DITOLAK,59,edge_density,0.210744,0.193762,0.228220,0.074830,0.268116
JAUH,REAL_SALAH_DITOLAK,59,intensity_mean,48.593600,42.685764,67.134547,22.731405,98.812130
JAUH,REAL_SALAH_DITOLAK,59,intensity_std,48.141977,42.785333,60.930779,15.821022,76.064349
JAUH,SERANGAN_SALAH_DITERIMA,50,laplacian_variance,942.637085,766.431213,1231.910095,314.056396,2475.902344
JAUH,SERANGAN_SALAH_DITERIMA,50,edge_density,0.139757,0.109375,0.156250,0.062500,0.172840
JAUH,SERANGAN_SALAH_DITERIMA,50,intensity_mean,86.508642,78.984568,93.545000,59.890909,100.690000
JAUH,SERANGAN_SALAH_DITERIMA,50,intensity_std,43.974362,39.256460,54.053389,30.040348,67.894330
SEDANG,BENAR,352,laplacian_variance,1084.093793,717.085498,1812.984979,1.321194,3941.417475
SEDANG,BENAR,352,edge_density,0.149751,0.084583,0.267396,0.000000,0.437500
SEDANG,BENAR,352,intensity_mean,133.417074,108.150045,154.973761,54.277551,221.604444
SEDANG,BENAR,352,intensity_std,66.181279,60.875986,83.072155,1.324907,97.163501
SEDANG,REAL_SALAH_DITOLAK,55,laplacian_variance,965.786418,889.559291,1084.282022,166.142847,1434.463028
SEDANG,REAL_SALAH_DITOLAK,55,edge_density,0.092443,0.078890,0.165615,0.057706,0.206250
SEDANG,REAL_SALAH_DITOLAK,55,intensity_mean,169.881875,153.982818,173.192215,78.673130,179.620783
SEDANG,REAL_SALAH_DITOLAK,55,intensity_std,85.488537,77.310427,88.719331,62.642070,94.912864
