fitur,rentang_kuantil,batas_bawah,batas_atas,jumlah_frame,jumlah_salah,persentase_salah,baseline_persen_salah,selisih_dari_baseline_poin_persen,REAL_salah_ditolak,serangan_salah_diterima
laplacian_variance,P10-P25,1.874160,97.066778,205,0,0.000000,13.328478,-13.328478,0,0
laplacian_variance,P25-P50,97.066778,794.021546,343,34,9.912536,13.328478,-3.415941,17,17
laplacian_variance,P50-P75,794.021546,1789.585600,343,108,31.486880,13.328478,18.158403,74,34
laplacian_variance,P75-P90,1789.585600,2536.153992,206,27,13.106796,13.328478,-0.221682,25,2
edge_density,P10-P25,0.000000,0.078125,342,17,4.970760,13.328478,-8.357718,14,3
edge_density,P25-P50,0.078125,0.121010,344,43,12.500000,13.328478,-0.828478,28,15
edge_density,P50-P75,0.121010,0.181474,343,63,18.367347,13.328478,5.038869,28,35
edge_density,P75-P90,0.181474,0.311680,206,60,29.126214,13.328478,15.797736,60,0
intensity_mean,P10-P25,46.436653,94.030000,205,76,37.073171,13.328478,23.744693,35,41
intensity_mean,P25-P50,94.030000,117.890026,343,20,5.830904,13.328478,-7.497574,9,11
intensity_mean,P50-P75,117.890026,148.630178,343,21,6.122449,13.328478,-7.206029,20,1
intensity_mean,P75-P90,148.630178,203.052893,206,41,19.902913,13.328478,6.574435,41,0
intensity_std,P10-P25,1.380996,40.891716,205,28,13.658537,13.328478,0.330059,12,16
intensity_std,P25-P50,40.891716,65.652084,343,90,26.239067,13.328478,12.910589,57,33
intensity_std,P50-P75,65.652084,75.382884,343,19,5.539359,13.328478,-7.789119,17,2
intensity_std,P75-P90,75.382884,82.476877,206,14,6.796117,13.328478,-6.532361,13,1
