session_id,frame,timestamp,label_asli,prediksi,jarak,jenis_kesalahan,laplacian_variance,edge_density,intensity_mean,intensity_std,face_count,left_eye_probability,right_eye_probability,head_euler_angle_x,head_euler_angle_y,head_euler_angle_z,kondisi,hasil,real_votes,replay_votes,confidence_vote_fraction
2026-10-06T10:03:56.941183,3,2026-10-06T10:04:02.345022,REAL,REPLAY,DEKAT,REAL_SALAH_DITOLAK (FN),174.25256331408653,0.08890290037831021,122.3338405356056,70.0866101373976,1,0.9877196550369263,0.7058058977127075,6.502373695373535,-1.7650632858276367,1.6968413591384888,REAL,SALAH,85,115,0.575
2026-10-06T10:10:33.619972,103,2026-10-06T10:10:48.223476,REAL,REPLAY,JAUH,REAL_SALAH_DITOLAK (FN),2124.386388888889,0.19833333333333333,93.75,76.06434863414064,1,0.9923635125160217,0.9946150779724121,-8.262749671936035,-0.9102113842964172,-1.3180748224258423,REAL,SALAH,47,153,0.765
2026-10-06T10:08:37.132778,1,2026-10-06T10:08:39.152632,REAL,REPLAY,SEDANG,REAL_SALAH_DITOLAK (FN),166.14284727710807,0.06578947368421052,163.866875,69.70642296613975,1,0.9514423608779907,0.8227906227111816,7.438875675201416,-1.1622047424316406,1.974998950958252,REAL,SALAH,82,118,0.59
2026-10-06T10:03:56.941183,72,2026-10-06T10:04:11.453799,REAL,REPLAY,DEKAT,REAL_SALAH_DITOLAK (FN),712.7236305606292,0.15268329554043839,135.65817307692308,65.08945752791105,1,0.03194314241409302,0.010436594486236572,1.4821895360946655,1.6064532995224,3.739784002304077,REAL,SALAH,83,117,0.585
2026-10-06T10:10:33.619972,104,2026-10-06T10:10:48.379246,REAL,REPLAY,JAUH,REAL_SALAH_DITOLAK (FN),2252.126622222222,0.19666666666666666,98.53550295857988,75.99824962879423,1,0.9923635125160217,0.9955831170082092,-9.101218223571777,-0.836114764213562,-1.3838934898376465,REAL,SALAH,50,150,0.75
2026-10-06T10:08:37.132778,10,2026-10-06T10:08:40.499313,REAL,REPLAY,SEDANG,REAL_SALAH_DITOLAK (FN),978.3085091530102,0.08179231863442389,175.4023668639053,85.59214692773942,1,0.004562854766845703,0.000652611255645752,5.429054260253906,1.2743839025497437,1.984001874923706,REAL,SALAH,80,120,0.6
2026-10-06T10:03:56.941183,73,2026-10-06T10:04:11.562150,REAL,REPLAY,DEKAT,REAL_SALAH_DITOLAK (FN),813.9041202129,0.16468253968253968,136.41875,64.17342888891461,1,0.9501656293869019,0.047746360301971436,1.8768421411514282,1.2400990724563599,4.923333644866943,REAL,SALAH,28,172,0.86
2026-10-06T10:10:33.619972,105,2026-10-06T10:10:48.498873,REAL,REPLAY,JAUH,REAL_SALAH_DITOLAK (FN),1878.172663888889,0.19833333333333333,98.81213017751479,73.78177422567431,1,0.9923635125160217,0.9958990216255188,-8.633050918579102,-0.38709282875061035,-2.019434928894043,REAL,SALAH,44,156,0.78
2026-10-06T10:08:37.132778,11,2026-10-06T10:08:40.620007,REAL,REPLAY,SEDANG,REAL_SALAH_DITOLAK (FN),852.907721375058,0.07450693937180423,173.63839579224194,86.32994486540575,1,0.9903543591499329,0.99802166223526,3.762202262878418,0.39960208535194397,2.3256373405456543,REAL,SALAH,91,109,0.545
2026-10-06T10:03:56.941183,74,2026-10-06T10:04:11.674618,REAL,REPLAY,DEKAT,REAL_SALAH_DITOLAK (FN),793.386188702188,0.1535218253968254,140.7694674556213,64.17517347268284,1,0.4151104688644409,0.021787047386169434,2.36669659614563,1.4951894283294678,4.939639568328857,REAL,SALAH,59,141,0.705
2026-10-06T10:11:17.816002,4,2026-10-06T10:11:26.799515,REPLAY,REAL,DEKAT,SERANGAN_SALAH_DITERIMA (FP),651.975859957921,0.16549486208761494,121.21283950617284,77.29072666070408,1,0.9850823879241943,0.9965211153030396,0.21737949550151825,0.15858909487724304,4.194190502166748,REPLAY,SALAH,124,76,0.62
2026-10-06T10:15:42.779105,100,2026-10-06T10:15:57.742893,REPLAY,REAL,JAUH,SERANGAN_SALAH_DITERIMA (FP),1545.734375,0.171875,85.14444444444445,39.17639910601253,1,0.770969033241272,0.05664175748825073,-0.16766837239265442,5.136408805847168,-7.706192970275879,FOTO_LAYAR,SALAH,131,69,0.655
2026-10-06T10:11:17.816002,55,2026-10-06T10:11:33.004061,REPLAY,REAL,DEKAT,SERANGAN_SALAH_DITERIMA (FP),180.63223694457542,0.1115491651205937,108.50349192492361,88.15547830584075,1,0.001824796199798584,0.000652611255645752,-14.73802375793457,-3.0439565181732178,-5.124300956726074,REPLAY,SALAH,108,92,0.54
2026-10-06T10:15:42.779105,101,2026-10-06T10:15:57.861166,REPLAY,REAL,JAUH,SERANGAN_SALAH_DITERIMA (FP),1088.74609375,0.109375,81.51851851851852,35.27462316992942,1,0.9842807650566101,0.010436594486236572,-0.3399098515510559,4.040631294250488,-7.770386219024658,FOTO_LAYAR,SALAH,173,27,0.865
2026-10-06T10:15:15.402225,1,2026-10-06T10:15:18.625368,REPLAY,REAL,DEKAT,SERANGAN_SALAH_DITERIMA (FP),236.65700954861111,0.06076388888888889,78.77366863905326,46.32405108608588,1,0.7338244915008545,0.675443172454834,0.35626500844955444,8.38907241821289,-10.921594619750977,FOTO_LAYAR,SALAH,195,5,0.975
2026-10-06T10:15:42.779105,102,2026-10-06T10:15:57.976426,REPLAY,REAL,JAUH,SERANGAN_SALAH_DITERIMA (FP),1000.894287109375,0.09375,78.91358024691358,35.79371540494887,1,0.9503150582313538,0.012393414974212646,-0.3210245668888092,4.593690872192383,-8.047481536865234,FOTO_LAYAR,SALAH,164,36,0.82
2026-10-06T10:15:42.779105,103,2026-10-06T10:15:58.104054,REPLAY,REAL,JAUH,SERANGAN_SALAH_DITERIMA (FP),943.5537109375,0.09375,78.95061728395062,36.04863012913058,1,0.770969033241272,0.0208626389503479,-0.4384303092956543,5.416738510131836,-7.866847991943359,FOTO_LAYAR,SALAH,167,33,0.835
2026-10-06T10:15:42.779105,104,2026-10-06T10:15:58.224170,REPLAY,REAL,JAUH,SERANGAN_SALAH_DITERIMA (FP),1078.152099609375,0.0625,85.22,41.29033300907126,1,0.32690995931625366,0.6780469417572021,-0.508054792881012,3.9849166870117188,-8.26572036743164,FOTO_LAYAR,SALAH,184,16,0.92
2026-10-06T10:15:42.779105,105,2026-10-06T10:15:58.348811,REPLAY,REAL,JAUH,SERANGAN_SALAH_DITERIMA (FP),820.628662109375,0.0625,86.25,41.65270099285279,1,0.6617919206619263,0.29507261514663696,-0.3978930115699768,3.6915037631988525,-8.111098289489746,FOTO_LAYAR,SALAH,178,22,0.89
2026-10-06T10:15:42.779105,106,2026-10-06T10:15:58.461298,REPLAY,REAL,JAUH,SERANGAN_SALAH_DITERIMA (FP),2475.90234375,0.109375,82.69135802469135,34.45076715277948,1,0.8898150324821472,0.6937435865402222,-0.13170628249645233,6.338981628417969,-7.221103668212891,FOTO_LAYAR,SALAH,190,10,0.95
