"session_id","jumlah_frame"
"2026-10-06T07:50:44.346088","263"
"2026-10-06T07:51:40.787016","152"
"2026-10-06T07:52:14.295081","156"
"2026-10-06T07:52:45.815358","165"
"2026-10-06T07:53:48.596068","168"
"2026-10-06T07:54:23.707410","178"
"2026-10-06T07:55:05.771583","190"
"2026-10-06T07:55:40.034158","177"
"2026-10-06T07:56:29.245966","150"
"2026-10-06T07:57:17.234501","161"
"2026-10-06T07:58:18.212152","167"
"2026-10-06T07:58:52.757884","206"
"2026-10-06T07:59:34.144557","210"
"2026-10-06T08:00:13.425460","250"
"2026-10-06T08:00:59.807010","214"
"2026-10-06T08:03:25.614128","179"
"2026-10-06T08:04:26.187908","189"
"2026-10-06T08:08:13.309798","84"
"2026-10-06T08:08:46.245862","77"
"2026-10-06T08:10:03.532091","124"
"2026-10-06T08:10:48.278997","210"
"2026-10-06T08:11:41.779410","196"
"2026-10-06T08:12:23.009211","101"
"2026-10-06T08:12:57.408285","77"
"2026-10-06T08:13:48.675123","133"
"2026-10-06T08:14:49.995671","103"
"2026-10-06T08:15:50.143028","163"
"2026-10-06T08:16:34.869658","44"
"2026-10-06T08:17:08.474346","119"
"2026-10-06T08:17:47.147506","112"
