"session_number","session_id","label","frame_count","left_eye_probability_mean","left_eye_probability_median","left_eye_probability_std","left_eye_probability_min","left_eye_probability_max","right_eye_probability_mean","right_eye_probability_median","right_eye_probability_std","right_eye_probability_min","right_eye_probability_max","head_euler_angle_x_mean","head_euler_angle_x_median","head_euler_angle_x_std","head_euler_angle_x_min","head_euler_angle_x_max","head_euler_angle_y_mean","head_euler_angle_y_median","head_euler_angle_y_std","head_euler_angle_y_min","head_euler_angle_y_max","head_euler_angle_z_mean","head_euler_angle_z_median","head_euler_angle_z_std","head_euler_angle_z_min","head_euler_angle_z_max","laplacian_variance_mean","laplacian_variance_median","laplacian_variance_std","laplacian_variance_min","laplacian_variance_max","edge_density_mean","edge_density_median","edge_density_std","edge_density_min","edge_density_max","intensity_mean_mean","intensity_mean_median","intensity_mean_std","intensity_mean_min","intensity_mean_max","intensity_std_mean","intensity_std_median","intensity_std_std","intensity_std_min","intensity_std_max"
"1","2026-09-29T10:34:22.387341","REAL","200","0.669212778806686","0.985856890678406","0.424255775435185","0","0.998782455921173","0.615439923703671","0.904338300228119","0.440160527521838","0.000652611255645752","0.998312771320343","3.02184271164238","2.72842931747437","4.73876282569841","-13.3474502563477","17.9654884338379","-2.1172378192097","-1.32855713367462","20.9217409772904","-53.0143394470215","84.2718276977539","0.11483189961873","0.581679046154022","8.94524908896581","-27.9627704620361","26.1502895355225","396.762469310351","425.468603901492","150.258818658307","11.297668119963","757.59668500261","0.0744130981715322","0.0818715581105255","0.024583616020976","0","0.10625","97.0474608006408","102.176399646146","21.8816119543206","35.7355042016807","172.570289132602","67.6100482644547","70.2629689692212","10.6380838256841","16.3441854316413","79.1390189541308"
"2","2026-09-29T10:35:00.659042","REAL","197","0.767700586827273","0.987719655036926","0.383886234401671","0","0.998782455921173","0.761350174543216","0.993615627288818","0.394410612151843","0.000652611255645752","0.999168813228607","3.072789409959","3.06321477890015","5.73328605340126","-13.8289422988892","18.1661033630371","0.375709982260324","-0.645616292953491","15.383909829006","-46.5154876708984","76.4254531860352","0.407654151977584","0.783193171024323","7.24881815298854","-19.4161529541016","22.6679191589355","388.514650107553","404.562108333333","112.537321282556","0","635.77888685412","0.0725835215482784","0.0783043862231381","0.0203102826041392","0","0.112101313320826","101.84077954083","103.490384615385","17.4343077670165","0","169.846982758621","69.2895303433622","70.3452251002087","8.08063820054256","0","78.705574727367"
"3","2026-09-29T10:35:34.342737","REAL","197","0.737944287697071","0.98610931634903","0.395860437782788","0","0.997039079666138","0.680486556842242","0.989270985126495","0.421812478066517","0.00260937213897705","0.998312771320343","3.46343314012295","3.35108804702759","3.96937282801124","-10.5861234664917","17.8947696685791","-2.54292882160109","-2.21540427207947","16.318092563158","-52.9460868835449","56.2219352722168","0.900817582223016","0.755155026912689","6.86683115797583","-15.85853099823","25.3221492767334","396.308958608295","404.953999124719","143.864657892898","4.9066128045606","788.444389182442","0.0747552218477659","0.0792124542124542","0.0249333035841714","0","0.120967741935484","98.9742323854472","101.067959770115","20.7776534053753","32.7511093961026","187.25548245614","65.6753843396991","67.390371576958","10.1714498206257","2.96867279912893","77.3906911752968"
"4","2026-09-29T10:36:08.750186","REAL","168","0.788029027481874","0.989578038454056","0.364986450638595","0","0.997481346130371","0.769869748680365","0.994778126478195","0.380776818657548","0.000652611255645752","0.998886287212372","5.13163169045168","5.10358929634094","5.05652030063799","-9.94515228271484","21.1186256408691","-0.758953113131048","-1.35298377275467","17.1405715438572","-43.800422668457","83.0393142700195","1.51255382115154","1.26469135284424","6.34245818163541","-21.2116279602051","24.3873729705811","425.383101932235","419.145910331533","139.061646366801","158.961901226667","977.763098456325","0.0783346617308173","0.0769020562770563","0.0234829533870824","0.0203442879499218","0.134920634920635","103.5562247472","106.060247941938","16.3112791197248","48.587727528617","136.136904761905","66.2331917964472","66.1648403874363","4.24604016160072","55.4282263198577","77.5201051056683"
"5","2026-09-29T10:39:14.161685","REAL","128","0.733133838046342","0.983868896961212","0.38279498087985","0.0045628547668457","0.997919321060181","0.699676979333162","0.989653736352921","0.397577030114181","0.00260937213897705","0.998312771320343","0.674313734343741","0.0844232849776745","4.96589888717895","-13.556939125061","16.4330730438232","0.106233710423112","-1.36538982391357","18.4615020319311","-52.1229820251465","52.2828788757324","1.93994951358764","2.13677823543549","1.68160051542846","-1.58647298812866","10.6705007553101","616.465742538443","704.529795831669","225.785699114456","0","1061.82619838899","0.0995487193580986","0.111674870447623","0.0329990064099761","0","0.135298563869992","112.450467231214","116.676460002953","25.087298969008","0","196.682178741407","69.5603975402759","71.4334941356222","10.6664098641386","0","85.1614827230189"
"6","2026-09-29T10:39:48.298497","REAL","209","0.767910915983921","0.985082387924194","0.353306787680448","0.0045628547668457","0.998782455921173","0.681783961337149","0.990412712097168","0.411390789544748","0.00260937213897705","0.999725639820099","1.80410467008459","1.81309127807617","3.67278737299299","-12.4322824478149","10.1584930419922","-1.36649588687996","-2.54503107070923","16.2415917374032","-64.1479797363281","44.075065612793","0.387582352001701","1.36646974086761","8.0029204479451","-24.0107154846191","19.0251045227051","707.068316693714","780.028329055094","272.675973181434","5.51525252525253","1157.84739100444","0.111427646541918","0.117894736842105","0.0329979577847758","0.00538302277432712","0.170844444444444","84.9850520294208","82.7545353572751","19.1734153531462","26.9798361688721","192.229026036644","62.7057585986501","64.7153617419948","9.86368742782254","11.3265761468127","78.2283806996007"
"7","2026-09-29T10:41:07.948977","REAL","198","0.815653495415293","0.98428076505661","0.327882100054076","0","0.998353004455566","0.808082161226658","0.99652111530304","0.340857574176111","0.00260937213897705","0.999999940395355","1.61912532295147","0.723539412021637","6.93492803879149","-21.7330341339111","35.3576812744141","-2.16214252203101","-2.27445137500763","24.6431417258597","-86.9523544311523","83.964729309082","3.40903765700682","3.87424862384796","7.23897883042378","-11.8796663284302","17.9651832580566","420.864080539155","429.425978711484","147.047708970344","0","1031.13712985024","0.106222545701002","0.107768521092729","0.0267128474796815","0","0.200307574009996","138.6061433642","137.131002682763","17.050416859451","0","190.33164983165","54.7753899622824","55.4459818275617","7.21639719566508","0","64.6614140965073"
"8","2026-09-29T10:41:42.959836","REAL","159","0.778298565426712","0.987719655036926","0.358975975841916","0.0045628547668457","0.996592402458191","0.819291523417587","0.994941174983978","0.330461382526427","0.00456619262695313","0.999725639820099","3.86394311201835","2.14869856834412","9.98288256018983","-33.254451751709","42.3195610046387","2.49429808531261","0.537919282913208","20.5950951066098","-87.4976806640625","86.1452407836914","7.609907775063","4.56297397613525","17.2636371388482","-40.5507736206055","50.5979156494141","319.036938379473","298.726886576883","167.950354285218","17.2838801991385","837.936230950547","0.0812292796117323","0.0826859045504994","0.0274363452203558","0.0141414141414141","0.140579710144928","160.872329569231","160.019392033543","20.2156261637526","118.820416588478","214.798369565217","51.1484825030229","53.8862657782674","9.18042884895166","20.2620021680313","63.9324336597814"
"9","2026-09-29T10:42:16.509675","REAL","133","0.669832773226544","0.899734675884247","0.386565377608642","0.00182479619979858","0.998353004455566","0.643159900392805","0.863949239253998","0.375997978283046","0.00456619262695313","0.998600959777832","5.71099876494434","6.01290464401245","3.43515536258118","-2.19980621337891","15.2719621658325","6.41961172043829","4.98259925842285","15.8113050990439","-25.6117324829102","70.8682327270508","3.15206087067989","3.24160218238831","2.63640476028073","-7.86899995803833","11.0189037322998","3916.05143941945","3967.78214806331","814.903839661113","1306.92796981143","5814.56153035194","0.452474467657925","0.460207612456747","0.0486386521194705","0.252873563218391","0.55026455026455","86.4051997376504","85.141935483871","14.8104774443196","57.5047619047619","119.663495838288","49.2165477937107","49.2755584832683","4.8895985647032","36.0317978113046","66.287121563748"
"10","2026-09-29T10:42:45.544491","REAL","180","0.580747399727503","0.808225601911545","0.427217579919686","0","0.997481346130371","0.59632107383675","0.795287072658539","0.417210732751304","0.000652611255645752","0.998600959777832","4.9760468717561","5.96549010276794","5.87320432540039","-13.5619678497314","19.3353614807129","2.32957082705365","0.766203433275223","18.7418001950626","-32.2647819519043","84.0994262695313","10.0680852721135","10.8636879920959","4.66346386063385","-12.8085126876831","18.970422744751","983.206863552155","771.04498704873","792.929760419195","21.4674207899306","3552.71301566734","0.140141325047649","0.122880991871376","0.0894748101033544","0.00173611111111111","0.487528344671202","57.6273028138535","47.7202541914548","26.9042308185262","16.0752","150.225210084034","44.7253324417055","43.854045723224","16.3065502046815","8.33455127526372","80.277083619227"
"11","2026-09-29T13:35:21.281663","REPLAY","81","0.48962997580752","0.38223123550415","0.434141246866456","0","0.998782455921173","0.512267787515381","0.449971914291382","0.417375514379154","0.000652611255645752","0.998886287212372","0.430737801264098","0.887846767902374","7.03583814696378","-19.5542373657227","14.8827562332153","2.70310637244472","-1.59980976581573","28.4057095823149","-39.7835731506348","79.9679107666016","24.6622029690095","11.6275110244751","21.3007882392378","1.88454449176788","70.22119140625","205.369024899792","45.6556953056957","430.303674105532","16.0614578070906","1752.71814274254","0.0750706293030144","0.0604566210045662","0.0630012457291316","0.0104411764705882","0.294117647058824","110.898314362465","111.461984392419","27.0401675329386","55.5916955017301","156.289273537897","62.5166780766292","61.6901116110978","13.7187961415266","27.1028364800701","91.4179644388945"
"12","2026-09-29T13:35:50.528220","REPLAY","97","0.590827008498084","0.763448536396027","0.410381942231919","0.00182479619979858","0.998353004455566","0.550809733646432","0.683254539966583","0.421385477767181","0.000652611255645752","0.998886287212372","2.35743404652194","2.52368760108948","4.71086100419434","-7.49660110473633","11.2513122558594","0.615014446995307","2.42558073997498","19.2817403370899","-63.420295715332","64.3075942993164","0.488689630532388","0.361717820167542","2.8816512839623","-9.33181667327881","7.26700592041016","149.823890586455","129.342122474703","94.3550008876004","0","513.315693379748","0.0756230783331381","0.0794306703397613","0.0308676133835413","0","0.204166666666667","162.7946222688","164.062599469496","45.4086669050271","0","236.63961038961","59.003999950311","62.9330365793081","17.0255160023267","0","82.9012614899112"
"13","2026-09-29T13:36:10.306428","REPLAY","82","0.484445955695176","0.394129008054733","0.435757767475592","0","0.996141314506531","0.541487801365736","0.884379148483276","0.469636935133901","0.00260937213897705","0.999448597431183","-0.874687342484277","-0.77873557806015","3.79263400210115","-8.57031440734863","5.40066051483154","0.207797547666038","1.81992733478546","8.87756441487558","-20.7086791992188","22.0367622375488","3.54705439380756","3.10460495948792","4.23420636707033","-5.1682014465332","12.0703506469727","63.2534753908048","53.5801762663964","42.3559497672611","0","162.412223645926","0.0688348776462082","0.0701052911689462","0.0377247381826577","0","0.129886118805786","114.533826006314","122.819157754396","49.5260064956065","0","222.830409356725","50.9330874462093","58.1540850436119","19.6860727952213","0","66.0618110658177"
"14","2026-09-29T13:36:31.271680","REPLAY","356","0.644235711084323","0.946551650762558","0.412608043740919","0","0.999629080295563","0.663324582945095","0.948852062225342","0.420009266292394","0","0.999448597431183","-0.897618414547682","-1.05881124734879","8.18219905862912","-25.342493057251","27.5271911621094","1.12101042164023","1.01459294557571","16.5061107170875","-52.1535148620605","57.2945594787598","-0.186078106945255","-0.0283968187868595","3.08933759610341","-9.07622241973877","7.27371835708618","56.4218508564142","46.0181315014941","43.3317629547574","11.3893440253798","307.78336611797","0.0471297290873315","0.0415355976731094","0.0259564038750217","0.00469361147327249","0.156666666666667","106.016545097534","102.878805797101","28.0714241974677","41.3191836734694","184.325","66.2005106457592","68.4743221672314","9.53250589389842","29.7314961791842","77.7604076575857"
"15","2026-09-29T13:37:24.221038","REPLAY","207","0.724732788288651","0.987719655036926","0.400889935838091","0","0.99920779466629","0.715926246078694","0.992231488227844","0.406345470166991","0","0.999168813228607","2.02185817084451","2.11519980430603","5.44826042950021","-11.4632682800293","16.0311031341553","-0.168122591956964","-0.11431322991848","16.4816639613616","-50.731128692627","54.4482231140137","2.16052602209907","2.81752300262451","7.68182476442868","-20.6088733673096","33.2380790710449","47.4455632948393","46.9800744622325","14.3112239316336","9.88325184740951","103.969002505244","0.0458194795044218","0.0495389904672605","0.0172427682449018","0","0.0839580209895052","101.831225217887","104.839371155161","19.6895669135478","42.0175","163.6973159713","67.9216894634807","69.5157011024386","9.76796476433639","25.5709125521558","82.2717856488972"
"16","2026-09-29T13:37:57.919279","REPLAY","101","0.804575414350717","0.98428076505661","0.321736810560158","0.0045628547668457","1","0.845211396122923","0.994615077972412","0.302868764535359","0.0084797739982605","0.998886287212372","2.24867965764191","0.273524343967438","6.69911516961134","-10.279314994812","27.9293975830078","-0.921223396933315","-2.44381213188171","9.13985980583914","-23.5576419830322","48.6680374145508","5.00916975869401","1.94682991504669","7.44701411503438","-2.47726798057556","32.4848213195801","34.5625803036566","35.8135455816616","16.186707957565","2.2072680788897","66.4486818819144","0.0408693169478613","0.039047619047619","0.0225264569187757","0","0.0862643465383191","158.902699445441","153.502501690331","22.5584028345006","115.68602983362","226.081406105458","57.3075104617764","62.8698202722579","14.8117225520562","6.61583413300765","72.1650038345225"
"17","2026-09-29T13:38:28.637294","REPLAY","117","0.70998874383095","0.989317417144775","0.395403511343037","0.00182479619979858","1","0.749915286007091","0.995899021625519","0.381764318727272","0.0065230131149292","0.999999940395355","4.1874507685773","1.87106311321259","9.09879943565751","-11.6429328918457","40.3126258850098","5.29312417687824","-0.129617169499397","24.5366705426035","-62.3295478820801","87.6257781982422","2.16275820935256","1.92882120609283","2.42825478391588","-3.53443884849548","8.86208438873291","81.7469121301281","86.8336045229052","26.369124097972","6.54526811490346","158.281092146614","0.106230923157681","0.113636363636364","0.0383541666030553","0.00271493212669683","0.209382716049383","149.955237984045","149.566863905325","19.0467731344878","102.549853907962","215.169316375199","47.3722150572041","48.7547945929918","6.76248789963412","13.8526189905058","60.9145025554239"
"18","2026-09-29T13:38:50.875124","REPLAY","181","0.698457765974393","0.95157527923584","0.393067513955061","0.00182479619979858","0.997919321060181","0.759391116832501","0.995899021625519","0.376201097288883","0.000652611255645752","0.999999940395355","3.73128806265555","2.08251047134399","9.19714421985851","-17.2020568847656","43.4780921936035","1.71026492297575","-0.16292479634285","17.4822981375654","-59.9230003356934","85.6486282348633","0.362740678787334","0.306972116231918","2.91314956603302","-16.2259616851807","7.64948511123657","41.4753852984925","40.0196457099213","16.3090909530289","11.7280282820564","152.024970049587","0.0576751310407886","0.0604279686558168","0.021720254310916","0.0032426589803639","0.125369822485207","143.167194004185","138.27251808021","21.147917773771","85.8084436042848","199.532748538012","51.5669024717611","54.0651210858317","7.49951385286136","33.0775804672248","62.8060509420591"
"19","2026-09-29T13:39:24.806960","REPLAY","143","0.442197120689846","0.0593619346618652","0.469612191466501","0","0.99920779466629","0.441629038407252","0.0264093279838562","0.46659914866821","0.000652611255645752","0.999448597431183","-5.22417173185549","-6.63966846466064","5.81317329169422","-12.9922170639038","17.3778343200684","2.07911570463981","-0.424432098865509","11.8157858776271","-32.8088645935059","52.4449043273926","2.18583214931659","1.60627388954163","4.9775898038248","-14.0516090393066","13.6996965408325","21.2286103797333","19.5587954233009","7.53300271083047","8.58708540298029","66.8219243981513","0.0158631984793268","0.0159090909090909","0.0080014862149839","0","0.0423256850077968","87.2717177727161","86.3085057471264","16.4750174515292","36.114375","145.583717774763","50.1113403732311","50.3633404156231","4.86444360384108","29.3619020732543","60.3364425872837"
"20","2026-09-29T13:39:49.473485","REPLAY","107","0.39333722970196","0.19043755531311","0.406638660576756","0","1","0.369760813000046","0.11680018901825","0.409988485131444","0.000652611255645752","0.999999940395355","-1.84837956796183","-4.32366275787354","9.1187040400521","-14.7564144134521","27.7671661376953","4.25727287596353","1.30974781513214","13.6309435566227","-33.3535575866699","47.5038108825684","1.70225432536034","2.73755669593811","5.02351964483118","-11.7252225875854","11.6918325424194","56.4014267983169","37.462636","55.2068176950499","13.2668578175072","249.669447738779","0.0372648832608737","0.0318877551020408","0.03731486000508","0","0.1844","110.852878395499","108.321571772253","20.9725600820627","63.6133333333333","162.740014792899","43.5254395309771","47.122969219895","8.66819024152293","20.6795448828383","55.3561590266603"
