"Condition","Session","FrameStart","FrameEnd","JumlahFrameLOW","MinAvgEye","DurasiDetik","MeanDeltaX","MeanDeltaY","MeanDeltaZ"
"REAL","2026-09-25T10:26:51.857961","3","3","1","0.1964","0","N/A","N/A","N/A"
"REAL","2026-09-25T10:26:51.857961","15","18","4","0.0087","0.357","0.371","0.212","0.12"
"REAL","2026-09-25T10:26:51.857961","25","25","1","0.0319","0","N/A","N/A","N/A"
"REAL","2026-09-25T10:26:51.857961","41","41","1","0.0269","0","N/A","N/A","N/A"
"REAL","2026-09-25T10:26:51.857961","67","67","1","0.0179","0","N/A","N/A","N/A"
"REAL","2026-09-25T10:26:51.857961","87","89","3","0.0212","0.238","0.954","0.406","0.186"
"REAL","2026-09-25T10:26:51.857961","91","91","1","0.1304","0","N/A","N/A","N/A"
"REAL","2026-09-25T10:26:51.857961","98","98","1","0.0067","0","N/A","N/A","N/A"
"REAL","2026-09-25T10:26:51.857961","112","113","2","0.0198","0.126","7.161","0.714","0.294"
"REAL","2026-09-25T10:26:51.857961","119","119","1","0.0187","0","N/A","N/A","N/A"
"REAL","2026-09-25T10:26:51.857961","138","138","1","0.1075","0","N/A","N/A","N/A"
"REAL","2026-09-25T10:26:51.857961","146","146","1","0.0318","0","N/A","N/A","N/A"
"REAL","2026-09-25T10:26:51.857961","154","157","4","0.0734","0.367","0.316","0.353","0.334"
"REAL","2026-09-25T10:26:51.857961","160","168","9","0.0126","1.017","0.834","0.761","0.78"
"REAL","2026-09-25T10:32:20.153229","3","3","1","0.0283","0","N/A","N/A","N/A"
"REAL","2026-09-25T10:32:20.153229","8","9","2","0.0113","0.121","2.455","0.115","0.068"
"REAL","2026-09-25T10:32:20.153229","34","34","1","0.039","0","N/A","N/A","N/A"
"REAL","2026-09-25T10:32:20.153229","53","54","2","0.0289","0.145","2.649","34.43","4.483"
"REAL","2026-09-25T10:32:20.153229","62","63","2","0.0164","0.145","5.589","4.371","0.38"
"REAL","2026-09-25T10:32:20.153229","69","78","10","0.0061","1.094","0.544","0.546","0.525"
"REAL","2026-09-25T10:32:20.153229","86","86","1","0.1188","0","N/A","N/A","N/A"
"REAL","2026-09-25T10:32:20.153229","89","90","2","0.0277","0.105","0.819","0.481","0.562"
"REAL","2026-09-25T10:32:20.153229","136","136","1","0.0214","0","N/A","N/A","N/A"
"REAL","2026-09-25T10:36:08.484394","3","3","1","0.0656","0","N/A","N/A","N/A"
"REAL","2026-09-25T10:36:08.484394","6","6","1","0.0386","0","N/A","N/A","N/A"
"REAL","2026-09-25T10:36:08.484394","20","20","1","0.0339","0","N/A","N/A","N/A"
"REAL","2026-09-25T10:36:08.484394","22","22","1","0.0395","0","N/A","N/A","N/A"
"REAL","2026-09-25T10:36:08.484394","27","28","2","0.0053","0.102","0.717","0.103","0.059"
"REAL","2026-09-25T10:36:08.484394","42","42","1","0.1054","0","N/A","N/A","N/A"
"REAL","2026-09-25T10:36:08.484394","63","64","2","0.0075","0.13","2.969","1.104","1.34"
"REAL","2026-09-25T10:36:08.484394","67","67","1","0.0253","0","N/A","N/A","N/A"
"REAL","2026-09-25T10:36:08.484394","71","73","3","0.0013","0.298","0.647","0.602","0.366"
"REAL","2026-09-25T10:36:08.484394","75","78","4","0.005","0.435","0.921","0.256","0.201"
"REAL","2026-09-25T10:36:08.484394","88","93","6","0.0065","0.66","1.088","0.563","0.601"
"REAL","2026-09-25T10:36:08.484394","96","96","1","0.1861","0","N/A","N/A","N/A"
"REAL","2026-09-25T10:36:08.484394","98","99","2","0.0349","0.137","0.075","1.186","1.363"
"REPLAY","2026-09-25T10:31:35.691352","27","28","2","0.0036","0.208","1.215","0.968","0.336"
"REPLAY","2026-09-25T10:31:35.691352","33","34","2","0.0139","0.201","0.067","0.029","0.07"
"REPLAY","2026-09-25T10:31:35.691352","37","39","3","0.0134","0.306","1.997","3.497","0.776"
"REPLAY","2026-09-25T10:31:35.691352","47","47","1","0.0093","0","N/A","N/A","N/A"
"REPLAY","2026-09-25T10:31:35.691352","51","51","1","0.0239","0","N/A","N/A","N/A"
"REPLAY","2026-09-25T10:34:39.940234","29","34","6","0.0026","0.568","1.658","0.417","0.187"
"REPLAY","2026-09-25T10:34:39.940234","38","40","3","0.0013","0.213","2.558","2.01","0.428"
"REPLAY","2026-09-25T10:34:39.940234","46","48","3","0.0026","0.244","0.379","0.54","0.638"
"REPLAY","2026-09-25T10:34:39.940234","55","61","7","0.0116","1.322","1.1","7.463","1.37"
"REPLAY","2026-09-25T10:34:39.940234","70","70","1","0.0141","0","N/A","N/A","N/A"
"REPLAY","2026-09-25T10:34:39.940234","90","93","4","0.0036","0.449","1.525","2.647","7.355"
"REPLAY","2026-09-25T10:37:24.695054","37","37","1","0.0033","0","N/A","N/A","N/A"
"REPLAY","2026-09-25T10:37:24.695054","73","73","1","0.0187","0","N/A","N/A","N/A"
"REPLAY","2026-09-25T10:37:24.695054","76","77","2","0.0346","0.121","0.445","5.057","1.92"
"REPLAY","2026-09-25T10:37:24.695054","84","85","2","0.0471","0.118","1.492","17.432","1.088"
"REPLAY","2026-09-25T10:37:24.695054","91","91","1","0.0175","0","N/A","N/A","N/A"
"REPLAY","2026-09-25T10:37:24.695054","119","126","8","0.0053","0.883","1.985","0.887","0.537"
"REPLAY","2026-09-25T10:37:24.695054","149","149","1","0.0461","0","N/A","N/A","N/A"
"REPLAY","2026-09-25T10:37:24.695054","152","152","1","0.0143","0","N/A","N/A","N/A"
"REPLAY","2026-09-25T10:37:24.695054","158","158","1","0.0237","0","N/A","N/A","N/A"
"REPLAY","2026-09-25T10:37:24.695054","173","173","1","0.0476","0","N/A","N/A","N/A"
"SCREEN","2026-09-25T10:33:06.630005","21","21","1","0.1205","0","N/A","N/A","N/A"
"SCREEN","2026-09-25T10:33:06.630005","52","52","1","0.1718","0","N/A","N/A","N/A"
"SCREEN","2026-09-25T10:33:06.630005","72","72","1","0.1575","0","N/A","N/A","N/A"
"SCREEN","2026-09-25T10:33:06.630005","78","78","1","0.1054","0","N/A","N/A","N/A"
"SCREEN","2026-09-25T10:33:06.630005","80","80","1","0.1067","0","N/A","N/A","N/A"
"SCREEN","2026-09-25T10:33:06.630005","83","83","1","0.1463","0","N/A","N/A","N/A"
"SCREEN","2026-09-25T10:33:06.630005","89","89","1","0.1771","0","N/A","N/A","N/A"
"SCREEN","2026-09-25T10:36:58.182990","5","5","1","0.1066","0","N/A","N/A","N/A"
