Threshold,FrameAccuracy,RecallREAL,RecallREPLAY,BalancedAccuracy,PrecisionREAL,F1REAL,TP,FN,TN,FP
130,93.86,94.96,92.52,93.74,93.9,94.43,1677,89,1349,109
145,94.17,94.51,93.76,94.13,94.83,94.67,1669,97,1367,91
150,94.26,94.39,94.1,94.25,95.09,94.74,1667,99,1372,86
155,94.39,94.22,94.58,94.4,95.47,94.84,1664,102,1379,79
158,94.51,94.17,94.92,94.55,95.74,94.95,1663,103,1384,74
159,94.51,94.05,95.06,94.56,95.85,94.94,1661,105,1386,72
160,94.54,94.05,95.13,94.59,95.9,94.97,1661,105,1387,71
162,94.57,93.94,95.34,94.64,96.06,94.99,1659,107,1390,68
163,94.63,93.94,95.47,94.71,96.17,95.04,1659,107,1392,66
164,94.6,93.88,95.47,94.68,96.17,95.01,1658,108,1392,66
165,94.54,93.77,95.47,94.62,96.17,94.95,1656,110,1392,66
168,94.45,93.54,95.54,94.54,96.21,94.86,1652,114,1393,65
170,94.39,93.43,95.54,94.49,96.21,94.8,1650,116,1393,65
175,94.39,93.2,95.82,94.51,96.43,94.79,1646,120,1397,61
180,94.17,92.64,96.02,94.33,96.58,94.57,1636,130,1400,58
190,93.86,91.85,96.3,94.07,96.78,94.25,1622,144,1404,54
200,93.55,91.0,96.64,93.82,97.04,93.92,1607,159,1409,49
