"AmbangEdge","TP_REAL","FN_REAL","FP_REPLAY","TN_REPLAY","RecallREAL","RecallREPLAY","Akurasi","BalancedAccuracy"
"0","49","12","68","167","80.33","71.06","72.97","75.7"
"0.01","49","12","68","167","80.33","71.06","72.97","75.7"
"0.02","49","12","68","167","80.33","71.06","72.97","75.7"
"0.03","49","12","68","167","80.33","71.06","72.97","75.7"
"0.04","48","13","68","167","78.69","71.06","72.64","74.88"
"0.05","48","13","67","168","78.69","71.49","72.97","75.09"
"0.06","48","13","67","168","78.69","71.49","72.97","75.09"
"0.07","47","14","60","175","77.05","74.47","75","75.76"
"0.08","45","16","60","175","73.77","74.47","74.32","74.12"
"0.09","31","30","59","176","50.82","74.89","69.93","62.86"
"0.1","13","48","54","181","21.31","77.02","65.54","49.17"
"0.11","6","55","51","184","9.84","78.3","64.19","44.07"
"0.12","3","58","45","190","4.92","80.85","65.2","42.88"
"0.13","2","59","39","196","3.28","83.4","66.89","43.34"
"0.14","0","61","30","205","0","87.23","69.26","43.62"
"0.15","0","61","21","214","0","91.06","72.3","45.53"
"0.16","0","61","15","220","0","93.62","74.32","46.81"
"0.17","0","61","10","225","0","95.74","76.01","47.87"
"0.18","0","61","8","227","0","96.6","76.69","48.3"
"0.19","0","61","7","228","0","97.02","77.03","48.51"
"0.2","0","61","3","232","0","98.72","78.38","49.36"
