"Session","Label","Frames","BestThreshold","FrameAccuracy","RecallREAL","RecallREPLAY","BalancedAccuracy","TP","FN","TN","FP"
"2026-09-29T10:34:22.387341","REAL","200","163","89.5","89.5","0","44.75","179","21","0","0"
"2026-09-29T10:35:00.659042","REAL","196","163","96.43","96.43","0","48.21","189","7","0","0"
"2026-09-29T10:35:34.342737","REAL","197","163","90.86","90.86","0","45.43","179","18","0","0"
"2026-09-29T10:36:08.750186","REAL","168","163","99.4","99.4","0","49.7","167","1","0","0"
"2026-09-29T10:39:14.161685","REAL","127","163","96.85","96.85","0","48.43","123","4","0","0"
"2026-09-29T10:39:48.298497","REAL","209","163","94.26","94.26","0","47.13","197","12","0","0"
"2026-09-29T10:41:07.948977","REAL","197","163","95.43","95.43","0","47.72","188","9","0","0"
"2026-09-29T10:41:42.959836","REAL","159","163","83.02","83.02","0","41.51","132","27","0","0"
"2026-09-29T10:42:16.509675","REAL","133","163","100","100","0","50","133","0","0","0"
"2026-09-29T10:42:45.544491","REAL","180","163","95.56","95.56","0","47.78","172","8","0","0"
"2026-09-29T13:35:21.281663","REPLAY","81","163","85.19","0","85.19","42.59","0","0","69","12"
"2026-09-29T13:35:50.528220","REPLAY","92","163","68.48","0","68.48","34.24","0","0","63","29"
"2026-09-29T13:36:10.306428","REPLAY","73","163","100","0","100","50","0","0","73","0"
"2026-09-29T13:36:31.271680","REPLAY","356","163","95.79","0","95.79","47.89","0","0","341","15"
"2026-09-29T13:37:24.221038","REPLAY","207","163","100","0","100","50","0","0","207","0"
"2026-09-29T13:37:57.919279","REPLAY","101","163","100","0","100","50","0","0","101","0"
"2026-09-29T13:38:28.637294","REPLAY","117","163","100","0","100","50","0","0","117","0"
"2026-09-29T13:38:50.875124","REPLAY","181","163","100","0","100","50","0","0","181","0"
"2026-09-29T13:39:24.806960","REPLAY","143","163","100","0","100","50","0","0","143","0"
"2026-09-29T13:39:49.473485","REPLAY","107","163","90.65","0","90.65","45.33","0","0","97","10"
