"ErrorType","Session","Frame","Laplacian"
"FN","2026-09-29T10:34:22.387341","1","11.297668119963"
"FN","2026-09-29T10:34:22.387341","8","131.323173420247"
"FN","2026-09-29T10:34:22.387341","25","118.715451444152"
"FN","2026-09-29T10:34:22.387341","26","40.0032005860539"
"FN","2026-09-29T10:34:22.387341","27","29.7315405313795"
"FN","2026-09-29T10:34:22.387341","28","57.2045530751449"
"FN","2026-09-29T10:34:22.387341","29","58.5506480756083"
"FN","2026-09-29T10:34:22.387341","30","73.008313671019"
"FN","2026-09-29T10:34:22.387341","31","68.0835438018938"
"FN","2026-09-29T10:34:22.387341","32","64.6955509787588"
"FN","2026-09-29T10:34:22.387341","33","65.4525226225475"
"FN","2026-09-29T10:34:22.387341","34","52.7249260724698"
"FN","2026-09-29T10:34:22.387341","35","54.0386786755519"
"FN","2026-09-29T10:34:22.387341","36","50.5166918367347"
"FN","2026-09-29T10:34:22.387341","37","49.9567554256229"
"FN","2026-09-29T10:34:22.387341","38","54.7374432309689"
"FN","2026-09-29T10:34:22.387341","39","53.7655067635535"
"FN","2026-09-29T10:34:22.387341","40","57.2120843859628"
"FN","2026-09-29T10:34:22.387341","41","60.9559641032489"
"FN","2026-09-29T10:34:22.387341","42","26.5034549097284"
"FN","2026-09-29T10:34:22.387341","43","53.9374328782439"
"FN","2026-09-29T10:35:00.659042","2","15.2484837047064"
"FN","2026-09-29T10:35:00.659042","3","92.9709160273436"
"FN","2026-09-29T10:35:00.659042","4","158.898997612757"
"FN","2026-09-29T10:35:00.659042","121","120.274724406466"
"FN","2026-09-29T10:35:00.659042","122","71.6179652950247"
"FN","2026-09-29T10:35:00.659042","123","66.0503649169512"
"FN","2026-09-29T10:35:00.659042","124","111.935879381589"
"FN","2026-09-29T10:35:34.342737","1","7.37254901960784"
"FN","2026-09-29T10:35:34.342737","2","4.9066128045606"
"FN","2026-09-29T10:35:34.342737","3","26.3930022819449"
"FN","2026-09-29T10:35:34.342737","4","137.435898940951"
"FN","2026-09-29T10:35:34.342737","64","127.956151587614"
"FN","2026-09-29T10:35:34.342737","65","145.299264455782"
"FN","2026-09-29T10:35:34.342737","142","53.0691911049554"
"FN","2026-09-29T10:35:34.342737","143","18.5207034724418"
"FN","2026-09-29T10:35:34.342737","144","117.623547141746"
"FN","2026-09-29T10:35:34.342737","145","118.221047611552"
"FN","2026-09-29T10:35:34.342737","146","86.6415452184179"
"FN","2026-09-29T10:35:34.342737","147","119.705549897665"
"FN","2026-09-29T10:35:34.342737","148","109.703105439837"
"FN","2026-09-29T10:35:34.342737","149","109.236125303262"
"FN","2026-09-29T10:35:34.342737","150","96.5267567898918"
"FN","2026-09-29T10:35:34.342737","151","48.1830877166404"
"FN","2026-09-29T10:35:34.342737","152","65.3392228377558"
"FN","2026-09-29T10:35:34.342737","153","111.273333738123"
"FN","2026-09-29T10:36:08.750186","141","158.961901226667"
"FN","2026-09-29T10:39:14.161685","2","21.5051694411415"
"FN","2026-09-29T10:39:14.161685","3","65.4582347788593"
"FN","2026-09-29T10:39:14.161685","4","67.8836886957019"
"FN","2026-09-29T10:39:14.161685","34","154.72903942058"
"FN","2026-09-29T10:39:48.298497","1","5.51525252525253"
"FN","2026-09-29T10:39:48.298497","2","25.1877732222222"
"FN","2026-09-29T10:39:48.298497","80","68.3946217222732"
"FN","2026-09-29T10:39:48.298497","81","30.2960946745562"
"FN","2026-09-29T10:39:48.298497","82","27.6079544894076"
"FN","2026-09-29T10:39:48.298497","83","21.5258964828012"
"FN","2026-09-29T10:39:48.298497","84","21.6059931144703"
"FN","2026-09-29T10:39:48.298497","85","70.43374393992"
"FN","2026-09-29T10:39:48.298497","86","69.9592588784888"
"FN","2026-09-29T10:39:48.298497","87","81.0653688772295"
"FN","2026-09-29T10:39:48.298497","88","58.5220084958999"
"FN","2026-09-29T10:39:48.298497","89","100.018542154065"
"FN","2026-09-29T10:41:07.948977","2","16.2941117835529"
"FN","2026-09-29T10:41:07.948977","3","20.9655686575437"
"FN","2026-09-29T10:41:07.948977","4","60.4297646882858"
"FN","2026-09-29T10:41:07.948977","5","123.70807569375"
"FN","2026-09-29T10:41:07.948977","6","116.12386355248"
"FN","2026-09-29T10:41:07.948977","7","150.518454286813"
"FN","2026-09-29T10:41:07.948977","85","157.021540052707"
"FN","2026-09-29T10:41:07.948977","121","160.102502702042"
"FN","2026-09-29T10:41:07.948977","194","133.112430125398"
"FN","2026-09-29T10:41:42.959836","1","67.437955783227"
"FN","2026-09-29T10:41:42.959836","2","82.6539"
"FN","2026-09-29T10:41:42.959836","3","98.9957933674065"
"FN","2026-09-29T10:41:42.959836","39","132.191339474421"
"FN","2026-09-29T10:41:42.959836","40","139.058786192163"
"FN","2026-09-29T10:41:42.959836","64","82.8425498739801"
"FN","2026-09-29T10:41:42.959836","65","80.3473336950513"
"FN","2026-09-29T10:41:42.959836","66","130.56979660771"
"FN","2026-09-29T10:41:42.959836","69","52.6677140565828"
"FN","2026-09-29T10:41:42.959836","70","93.8076681851192"
"FN","2026-09-29T10:41:42.959836","74","108.223261411803"
"FN","2026-09-29T10:41:42.959836","118","52.5917405008314"
"FN","2026-09-29T10:41:42.959836","119","17.2838801991385"
"FN","2026-09-29T10:41:42.959836","121","140.033450413223"
"FN","2026-09-29T10:41:42.959836","122","160.943117027878"
"FN","2026-09-29T10:41:42.959836","125","78.5373625031867"
"FN","2026-09-29T10:41:42.959836","126","80.0565249629263"
"FN","2026-09-29T10:41:42.959836","138","152.858553061224"
"FN","2026-09-29T10:41:42.959836","139","115.578716573883"
"FN","2026-09-29T10:41:42.959836","143","128.493450583333"
"FN","2026-09-29T10:41:42.959836","144","147.80098896091"
"FN","2026-09-29T10:41:42.959836","148","72.9320678004535"
"FN","2026-09-29T10:41:42.959836","149","86.7614690864091"
"FN","2026-09-29T10:41:42.959836","150","31.9395811523438"
"FN","2026-09-29T10:41:42.959836","152","123.550220182748"
"FN","2026-09-29T10:41:42.959836","153","114.882465621422"
"FN","2026-09-29T10:41:42.959836","159","117.481088435374"
"FN","2026-09-29T10:42:45.544491","126","126.566925149577"
"FN","2026-09-29T10:42:45.544491","135","104.145681782312"
"FN","2026-09-29T10:42:45.544491","136","61.512368424757"
"FN","2026-09-29T10:42:45.544491","162","83.0283870475755"
"FN","2026-09-29T10:42:45.544491","177","81.5414225260417"
"FN","2026-09-29T10:42:45.544491","178","138.976282960681"
"FN","2026-09-29T10:42:45.544491","179","21.4674207899306"
"FN","2026-09-29T10:42:45.544491","180","82.5485305555556"
"FP","2026-09-29T13:35:21.281663","1","535.636378874774"
"FP","2026-09-29T13:35:21.281663","2","723.877562490474"
"FP","2026-09-29T13:35:21.281663","11","178.628027757487"
"FP","2026-09-29T13:35:21.281663","14","1721.0858001709"
"FP","2026-09-29T13:35:21.281663","15","1347.23802185059"
"FP","2026-09-29T13:35:21.281663","16","1405.31271111111"
"FP","2026-09-29T13:35:21.281663","17","1073.14447021484"
"FP","2026-09-29T13:35:21.281663","18","1400.15916442871"
"FP","2026-09-29T13:35:21.281663","19","1042.37249755859"
"FP","2026-09-29T13:35:21.281663","20","544.337448066953"
"FP","2026-09-29T13:35:21.281663","21","1751.58108509948"
"FP","2026-09-29T13:35:21.281663","22","1752.71814274254"
"FP","2026-09-29T13:35:50.528220","6","229.018732638889"
"FP","2026-09-29T13:35:50.528220","7","469.567232557511"
"FP","2026-09-29T13:35:50.528220","9","296.686348456738"
"FP","2026-09-29T13:35:50.528220","10","200.368704683519"
"FP","2026-09-29T13:35:50.528220","11","167.855201385534"
"FP","2026-09-29T13:35:50.528220","12","258.958993939394"
"FP","2026-09-29T13:35:50.528220","13","285.341620755714"
"FP","2026-09-29T13:35:50.528220","14","308.79818114178"
"FP","2026-09-29T13:35:50.528220","15","330.208771236359"
"FP","2026-09-29T13:35:50.528220","21","240.929228395062"
"FP","2026-09-29T13:35:50.528220","22","214.187067079091"
"FP","2026-09-29T13:35:50.528220","23","434.269145188656"
"FP","2026-09-29T13:35:50.528220","24","513.315693379748"
"FP","2026-09-29T13:35:50.528220","25","344.179775940649"
"FP","2026-09-29T13:35:50.528220","26","330.224764883402"
"FP","2026-09-29T13:35:50.528220","27","282.161000355999"
"FP","2026-09-29T13:35:50.528220","28","252.317895881429"
"FP","2026-09-29T13:35:50.528220","29","223.044263783319"
"FP","2026-09-29T13:35:50.528220","30","211.42968621633"
"FP","2026-09-29T13:35:50.528220","31","232.498156612182"
"FP","2026-09-29T13:35:50.528220","32","226.711961042485"
"FP","2026-09-29T13:35:50.528220","33","227.618105315764"
"FP","2026-09-29T13:35:50.528220","34","172.9093085881"
"FP","2026-09-29T13:35:50.528220","55","194.756021609413"
"FP","2026-09-29T13:35:50.528220","58","175.212325719919"
"FP","2026-09-29T13:35:50.528220","86","174.011423599055"
"FP","2026-09-29T13:35:50.528220","89","192.500925813679"
"FP","2026-09-29T13:35:50.528220","90","189.292519861767"
"FP","2026-09-29T13:35:50.528220","97","178.565359477124"
"FP","2026-09-29T13:36:31.271680","1","185.014767777494"
"FP","2026-09-29T13:36:31.271680","2","226.957873399872"
"FP","2026-09-29T13:36:31.271680","4","235.834329044118"
"FP","2026-09-29T13:36:31.271680","5","228.128385760057"
"FP","2026-09-29T13:36:31.271680","6","298.571567499452"
"FP","2026-09-29T13:36:31.271680","7","252.465657634486"
"FP","2026-09-29T13:36:31.271680","8","173.076842388381"
"FP","2026-09-29T13:36:31.271680","9","257.044634377968"
"FP","2026-09-29T13:36:31.271680","10","185.212553980858"
"FP","2026-09-29T13:36:31.271680","12","198.946223544987"
"FP","2026-09-29T13:36:31.271680","13","232.787332098765"
"FP","2026-09-29T13:36:31.271680","14","258.519527020577"
"FP","2026-09-29T13:36:31.271680","15","307.78336611797"
"FP","2026-09-29T13:36:31.271680","16","250.115187737711"
"FP","2026-09-29T13:36:31.271680","17","202.18903061157"
"FP","2026-09-29T13:39:49.473485","87","223.302146611638"
"FP","2026-09-29T13:39:49.473485","98","249.669447738779"
"FP","2026-09-29T13:39:49.473485","99","205.881472614081"
"FP","2026-09-29T13:39:49.473485","100","188.589142584234"
"FP","2026-09-29T13:39:49.473485","101","190.280983590171"
"FP","2026-09-29T13:39:49.473485","102","193.78248064"
"FP","2026-09-29T13:39:49.473485","103","172.292513112323"
"FP","2026-09-29T13:39:49.473485","105","237.42701668589"
"FP","2026-09-29T13:39:49.473485","106","232.735244"
"FP","2026-09-29T13:39:49.473485","107","223.528176"
