"Threshold","FrameAccuracy","RecallREAL","RecallREPLAY","BalancedAccuracy","PrecisionREAL","F1REAL","TP","FN","TN","FP"
"130","93.86","94.96","92.52","93.74","93.9","94.43","1677","89","1349","109"
"131","93.92","94.9","92.73","93.82","94.05","94.48","1676","90","1352","106"
"132","93.92","94.85","92.8","93.82","94.1","94.47","1675","91","1353","105"
"133","93.89","94.79","92.8","93.79","94.1","94.44","1674","92","1353","105"
"134","93.86","94.73","92.8","93.77","94.09","94.41","1673","93","1353","105"
"135","93.92","94.73","92.94","93.83","94.2","94.47","1673","93","1355","103"
"136","93.98","94.73","93.07","93.9","94.31","94.52","1673","93","1357","101"
"137","94.04","94.73","93.21","93.97","94.41","94.57","1673","93","1359","99"
"138","94.01","94.68","93.21","93.94","94.41","94.54","1672","94","1359","99"
"139","94.08","94.62","93.42","94.02","94.57","94.59","1671","95","1362","96"
"140","94.04","94.56","93.42","93.99","94.56","94.56","1670","96","1362","96"
"141","94.08","94.51","93.55","94.03","94.67","94.59","1669","97","1364","94"
"142","94.14","94.51","93.69","94.1","94.78","94.64","1669","97","1366","92"
"143","94.14","94.51","93.69","94.1","94.78","94.64","1669","97","1366","92"
"144","94.14","94.51","93.69","94.1","94.78","94.64","1669","97","1366","92"
"145","94.17","94.51","93.76","94.13","94.83","94.67","1669","97","1367","91"
"146","94.14","94.45","93.76","94.1","94.83","94.64","1668","98","1367","91"
"147","94.14","94.45","93.76","94.1","94.83","94.64","1668","98","1367","91"
"148","94.17","94.39","93.9","94.14","94.93","94.66","1667","99","1369","89"
"149","94.2","94.39","93.96","94.18","94.99","94.69","1667","99","1370","88"
"150","94.26","94.39","94.1","94.25","95.09","94.74","1667","99","1372","86"
"151","94.26","94.34","94.17","94.25","95.15","94.74","1666","100","1373","85"
"152","94.26","94.34","94.17","94.25","95.15","94.74","1666","100","1373","85"
"153","94.29","94.28","94.31","94.29","95.25","94.76","1665","101","1375","83"
"154","94.32","94.28","94.38","94.33","95.31","94.79","1665","101","1376","82"
"155","94.39","94.22","94.58","94.4","95.47","94.84","1664","102","1379","79"
"156","94.39","94.22","94.58","94.4","95.47","94.84","1664","102","1379","79"
"157","94.45","94.22","94.72","94.47","95.58","94.9","1664","102","1381","77"
"158","94.51","94.17","94.92","94.55","95.74","94.95","1663","103","1384","74"
"159","94.51","94.05","95.06","94.56","95.85","94.94","1661","105","1386","72"
"160","94.54","94.05","95.13","94.59","95.9","94.97","1661","105","1387","71"
"161","94.51","93.94","95.2","94.57","95.95","94.94","1659","107","1388","70"
"162","94.57","93.94","95.34","94.64","96.06","94.99","1659","107","1390","68"
"163","94.63","93.94","95.47","94.71","96.17","95.04","1659","107","1392","66"
"164","94.6","93.88","95.47","94.68","96.17","95.01","1658","108","1392","66"
"165","94.54","93.77","95.47","94.62","96.17","94.95","1656","110","1392","66"
"166","94.54","93.77","95.47","94.62","96.17","94.95","1656","110","1392","66"
"167","94.48","93.66","95.47","94.57","96.16","94.89","1654","112","1392","66"
"168","94.45","93.54","95.54","94.54","96.21","94.86","1652","114","1393","65"
"169","94.42","93.49","95.54","94.51","96.21","94.83","1651","115","1393","65"
"170","94.39","93.43","95.54","94.49","96.21","94.8","1650","116","1393","65"
"171","94.39","93.43","95.54","94.49","96.21","94.8","1650","116","1393","65"
"172","94.39","93.43","95.54","94.49","96.21","94.8","1650","116","1393","65"
"173","94.35","93.26","95.68","94.47","96.32","94.76","1647","119","1395","63"
"174","94.35","93.2","95.75","94.48","96.37","94.76","1646","120","1396","62"
"175","94.39","93.2","95.82","94.51","96.43","94.79","1646","120","1397","61"
"176","94.39","93.15","95.88","94.52","96.48","94.79","1645","121","1398","60"
"177","94.29","92.98","95.88","94.43","96.47","94.69","1642","124","1398","60"
"178","94.23","92.87","95.88","94.38","96.47","94.63","1640","126","1398","60"
"179","94.2","92.7","96.02","94.36","96.58","94.6","1637","129","1400","58"
"180","94.17","92.64","96.02","94.33","96.58","94.57","1636","130","1400","58"
"181","94.14","92.58","96.02","94.3","96.57","94.54","1635","131","1400","58"
"182","94.11","92.53","96.02","94.27","96.57","94.51","1634","132","1400","58"
"183","94.11","92.53","96.02","94.27","96.57","94.51","1634","132","1400","58"
"184","94.08","92.47","96.02","94.25","96.57","94.47","1633","133","1400","58"
"185","94.08","92.47","96.02","94.25","96.57","94.47","1633","133","1400","58"
"186","94.01","92.24","96.16","94.2","96.68","94.41","1629","137","1402","56"
"187","93.92","92.07","96.16","94.12","96.67","94.32","1626","140","1402","56"
"188","93.86","91.96","96.16","94.06","96.67","94.25","1624","142","1402","56"
"189","93.86","91.9","96.23","94.07","96.72","94.25","1623","143","1403","55"
"190","93.86","91.85","96.3","94.07","96.78","94.25","1622","144","1404","54"
"191","93.89","91.85","96.36","94.11","96.84","94.27","1622","144","1405","53"
"192","93.86","91.79","96.36","94.08","96.83","94.24","1621","145","1405","53"
"193","93.83","91.68","96.43","94.05","96.89","94.21","1619","147","1406","52"
"194","93.83","91.62","96.5","94.06","96.94","94.21","1618","148","1407","51"
"195","93.83","91.56","96.57","94.07","97","94.2","1617","149","1408","50"
"196","93.7","91.34","96.57","93.95","96.99","94.08","1613","153","1408","50"
"197","93.67","91.28","96.57","93.93","96.99","94.05","1612","154","1408","50"
"198","93.58","91.11","96.57","93.84","96.99","93.96","1609","157","1408","50"
"199","93.58","91.05","96.64","93.85","97.04","93.95","1608","158","1409","49"
"200","93.55","91","96.64","93.82","97.04","93.92","1607","159","1409","49"
